datum,gewest,jaar,periode,aandeel_flats_maand,aandeel_flats_trend,appartementen_absoluut,woningen_totaal
1996-01-01,Vlaams Gewest,1996,1,32.4,32.4,752.0,2324.0
1996-02-01,Vlaams Gewest,1996,2,27.8,30.1,712.0,2560.0
1996-03-01,Vlaams Gewest,1996,3,41.6,33.9,1434.0,3448.0
1996-04-01,Vlaams Gewest,1996,4,25.0,31.7,756.0,3029.0
1996-05-01,Vlaams Gewest,1996,5,37.5,32.9,1221.0,3252.0
1996-06-01,Vlaams Gewest,1996,6,38.1,33.7,1298.0,3408.0
1996-07-01,Vlaams Gewest,1996,7,24.4,32.4,884.0,3620.0
1996-08-01,Vlaams Gewest,1996,8,32.7,32.4,724.0,2215.0
1996-09-01,Vlaams Gewest,1996,9,36.3,32.9,1037.0,2860.0
1996-10-01,Vlaams Gewest,1996,10,36.1,33.2,925.0,2559.0
1996-11-01,Vlaams Gewest,1996,11,45.1,34.3,976.0,2163.0
1996-12-01,Vlaams Gewest,1996,12,39.8,34.7,1049.0,2634.0
1997-01-01,Vlaams Gewest,1997,1,35.7,35.0,761.0,2132.0
1997-02-01,Vlaams Gewest,1997,2,33.0,35.4,661.0,2006.0
1997-03-01,Vlaams Gewest,1997,3,37.3,35.1,866.0,2323.0
1997-04-01,Vlaams Gewest,1997,4,32.4,35.7,858.0,2649.0
1997-05-01,Vlaams Gewest,1997,5,35.0,35.5,813.0,2320.0
1997-06-01,Vlaams Gewest,1997,6,27.0,34.6,800.0,2967.0
1997-07-01,Vlaams Gewest,1997,7,31.3,35.1,837.0,2672.0
1997-08-01,Vlaams Gewest,1997,8,28.8,34.8,600.0,2081.0
1997-09-01,Vlaams Gewest,1997,9,44.5,35.5,1409.0,3167.0
1997-10-01,Vlaams Gewest,1997,10,40.0,35.8,1104.0,2758.0
1997-11-01,Vlaams Gewest,1997,11,36.9,35.1,980.0,2659.0
1997-12-01,Vlaams Gewest,1997,12,44.9,35.6,2375.0,5294.0
1998-01-01,Vlaams Gewest,1998,1,41.8,36.1,479.0,1145.0
1998-02-01,Vlaams Gewest,1998,2,35.3,36.3,560.0,1586.0
1998-03-01,Vlaams Gewest,1998,3,42.3,36.7,1106.0,2614.0
1998-04-01,Vlaams Gewest,1998,4,42.3,37.5,947.0,2239.0
1998-05-01,Vlaams Gewest,1998,5,31.2,37.2,597.0,1912.0
1998-06-01,Vlaams Gewest,1998,6,33.7,37.8,979.0,2907.0
1998-07-01,Vlaams Gewest,1998,7,43.5,38.8,1085.0,2496.0
1998-08-01,Vlaams Gewest,1998,8,46.1,40.2,1080.0,2345.0
1998-09-01,Vlaams Gewest,1998,9,44.2,40.2,1007.0,2280.0
1998-10-01,Vlaams Gewest,1998,10,40.8,40.2,823.0,2018.0
1998-11-01,Vlaams Gewest,1998,11,38.2,40.4,733.0,1920.0
1998-12-01,Vlaams Gewest,1998,12,41.0,40.0,900.0,2196.0
1999-01-01,Vlaams Gewest,1999,1,41.9,40.0,857.0,2044.0
1999-02-01,Vlaams Gewest,1999,2,35.9,40.1,804.0,2242.0
1999-03-01,Vlaams Gewest,1999,3,41.1,40.0,1277.0,3106.0
1999-04-01,Vlaams Gewest,1999,4,35.4,39.4,760.0,2148.0
1999-05-01,Vlaams Gewest,1999,5,38.6,40.0,865.0,2240.0
1999-06-01,Vlaams Gewest,1999,6,38.2,40.4,1049.0,2747.0
1999-07-01,Vlaams Gewest,1999,7,43.6,40.4,1046.0,2397.0
1999-08-01,Vlaams Gewest,1999,8,42.3,40.1,1096.0,2591.0
1999-09-01,Vlaams Gewest,1999,9,46.1,40.3,1168.0,2531.0
1999-10-01,Vlaams Gewest,1999,10,43.8,40.5,1100.0,2510.0
1999-11-01,Vlaams Gewest,1999,11,37.8,40.5,777.0,2057.0
1999-12-01,Vlaams Gewest,1999,12,42.1,40.6,1301.0,3092.0
2000-01-01,Vlaams Gewest,2000,1,38.5,40.3,805.0,2092.0
2000-02-01,Vlaams Gewest,2000,2,45.0,41.0,1177.0,2617.0
2000-03-01,Vlaams Gewest,2000,3,39.4,40.9,1101.0,2794.0
2000-04-01,Vlaams Gewest,2000,4,48.4,42.0,1188.0,2455.0
2000-05-01,Vlaams Gewest,2000,5,32.8,41.5,761.0,2319.0
2000-06-01,Vlaams Gewest,2000,6,48.0,42.3,1143.0,2383.0
2000-07-01,Vlaams Gewest,2000,7,40.4,42.1,1015.0,2513.0
2000-08-01,Vlaams Gewest,2000,8,53.8,43.0,1374.0,2553.0
2000-09-01,Vlaams Gewest,2000,9,50.2,43.3,1175.0,2341.0
2000-10-01,Vlaams Gewest,2000,10,49.1,43.8,1247.0,2540.0
2000-11-01,Vlaams Gewest,2000,11,45.4,44.4,1075.0,2370.0
2000-12-01,Vlaams Gewest,2000,12,49.7,45.1,1055.0,2122.0
2001-01-01,Vlaams Gewest,2001,1,50.2,46.0,1154.0,2301.0
2001-02-01,Vlaams Gewest,2001,2,49.8,46.4,1252.0,2512.0
2001-03-01,Vlaams Gewest,2001,3,53.0,47.6,1668.0,3145.0
2001-04-01,Vlaams Gewest,2001,4,38.0,46.7,1041.0,2741.0
2001-05-01,Vlaams Gewest,2001,5,48.5,48.0,1236.0,2548.0
2001-06-01,Vlaams Gewest,2001,6,40.2,47.4,799.0,1987.0
2001-07-01,Vlaams Gewest,2001,7,33.6,46.8,767.0,2281.0
2001-08-01,Vlaams Gewest,2001,8,52.6,46.7,1060.0,2016.0
2001-09-01,Vlaams Gewest,2001,9,56.4,47.2,1373.0,2434.0
2001-10-01,Vlaams Gewest,2001,10,46.2,47.0,1218.0,2637.0
2001-11-01,Vlaams Gewest,2001,11,44.9,46.9,822.0,1831.0
2001-12-01,Vlaams Gewest,2001,12,48.9,46.9,906.0,1851.0
2002-01-01,Vlaams Gewest,2002,1,44.6,46.4,821.0,1839.0
2002-02-01,Vlaams Gewest,2002,2,52.1,46.6,1358.0,2609.0
2002-03-01,Vlaams Gewest,2002,3,50.4,46.4,1218.0,2417.0
2002-04-01,Vlaams Gewest,2002,4,47.0,47.1,1126.0,2394.0
2002-05-01,Vlaams Gewest,2002,5,51.3,47.4,1217.0,2372.0
2002-06-01,Vlaams Gewest,2002,6,48.3,48.0,1313.0,2717.0
2002-07-01,Vlaams Gewest,2002,7,54.8,49.8,1643.0,2998.0
2002-08-01,Vlaams Gewest,2002,8,56.7,50.1,1439.0,2538.0
2002-09-01,Vlaams Gewest,2002,9,50.8,49.7,1529.0,3007.0
2002-10-01,Vlaams Gewest,2002,10,54.1,50.3,1338.0,2475.0
2002-11-01,Vlaams Gewest,2002,11,57.6,51.4,1253.0,2175.0
2002-12-01,Vlaams Gewest,2002,12,54.9,51.9,1354.0,2465.0
2003-01-01,Vlaams Gewest,2003,1,46.2,52.0,1054.0,2279.0
2003-02-01,Vlaams Gewest,2003,2,51.7,52.0,1200.0,2323.0
2003-03-01,Vlaams Gewest,2003,3,51.1,52.0,1403.0,2746.0
2003-04-01,Vlaams Gewest,2003,4,50.1,52.3,1303.0,2601.0
2003-05-01,Vlaams Gewest,2003,5,50.4,52.2,1252.0,2486.0
2003-06-01,Vlaams Gewest,2003,6,50.9,52.4,1383.0,2718.0
2003-07-01,Vlaams Gewest,2003,7,49.5,52.0,1309.0,2646.0
2003-08-01,Vlaams Gewest,2003,8,58.2,52.1,1484.0,2551.0
2003-09-01,Vlaams Gewest,2003,9,47.9,51.9,1298.0,2712.0
2003-10-01,Vlaams Gewest,2003,10,51.9,51.7,1353.0,2606.0
2003-11-01,Vlaams Gewest,2003,11,56.1,51.6,1326.0,2365.0
2003-12-01,Vlaams Gewest,2003,12,58.8,51.9,2079.0,3533.0
2004-01-01,Vlaams Gewest,2004,1,59.8,53.0,2097.0,3509.0
2004-02-01,Vlaams Gewest,2004,2,50.2,52.9,1462.0,2912.0
2004-03-01,Vlaams Gewest,2004,3,53.6,53.1,1928.0,3599.0
2004-04-01,Vlaams Gewest,2004,4,47.3,52.9,1287.0,2719.0
2004-05-01,Vlaams Gewest,2004,5,52.3,53.0,1501.0,2869.0
2004-06-01,Vlaams Gewest,2004,6,54.7,53.4,2234.0,4085.0
2004-07-01,Vlaams Gewest,2004,7,50.7,53.5,1361.0,2686.0
2004-08-01,Vlaams Gewest,2004,8,51.1,52.9,1300.0,2545.0
2004-09-01,Vlaams Gewest,2004,9,59.6,53.8,1829.0,3071.0
2004-10-01,Vlaams Gewest,2004,10,51.6,53.8,1749.0,3388.0
2004-11-01,Vlaams Gewest,2004,11,54.8,53.7,1453.0,2652.0
2004-12-01,Vlaams Gewest,2004,12,57.4,53.6,1830.0,3190.0
2005-01-01,Vlaams Gewest,2005,1,51.7,52.9,1492.0,2885.0
2005-02-01,Vlaams Gewest,2005,2,52.7,53.1,1736.0,3295.0
2005-03-01,Vlaams Gewest,2005,3,55.3,53.3,2110.0,3818.0
2005-04-01,Vlaams Gewest,2005,4,48.2,53.3,1555.0,3226.0
2005-05-01,Vlaams Gewest,2005,5,55.4,53.6,2188.0,3953.0
2005-06-01,Vlaams Gewest,2005,6,52.5,53.4,2001.0,3810.0
2005-07-01,Vlaams Gewest,2005,7,52.9,53.6,1521.0,2877.0
2005-08-01,Vlaams Gewest,2005,8,59.4,54.3,2089.0,3515.0
2005-09-01,Vlaams Gewest,2005,9,58.8,54.2,2180.0,3708.0
2005-10-01,Vlaams Gewest,2005,10,52.8,54.3,1820.0,3450.0
2005-11-01,Vlaams Gewest,2005,11,53.9,54.2,1812.0,3360.0
2005-12-01,Vlaams Gewest,2005,12,55.7,54.1,2291.0,4110.0
2006-01-01,Vlaams Gewest,2006,1,48.1,53.8,2108.0,4385.0
2006-02-01,Vlaams Gewest,2006,2,57.7,54.2,2151.0,3729.0
2006-03-01,Vlaams Gewest,2006,3,62.5,54.8,2693.0,4309.0
2006-04-01,Vlaams Gewest,2006,4,63.4,56.1,2224.0,3506.0
2006-05-01,Vlaams Gewest,2006,5,59.2,56.4,2184.0,3690.0
2006-06-01,Vlaams Gewest,2006,6,65.3,57.5,2554.0,3911.0
2006-07-01,Vlaams Gewest,2006,7,54.1,57.6,1597.0,2952.0
2006-08-01,Vlaams Gewest,2006,8,62.4,57.8,2073.0,3324.0
2006-09-01,Vlaams Gewest,2006,9,60.8,58.0,2078.0,3418.0
2006-10-01,Vlaams Gewest,2006,10,58.9,58.5,2061.0,3499.0
2006-11-01,Vlaams Gewest,2006,11,58.8,58.9,1629.0,2772.0
2006-12-01,Vlaams Gewest,2006,12,54.9,58.8,1603.0,2918.0
2007-01-01,Vlaams Gewest,2007,1,55.3,59.4,1762.0,3184.0
2007-02-01,Vlaams Gewest,2007,2,55.8,59.3,1681.0,3015.0
2007-03-01,Vlaams Gewest,2007,3,60.4,59.1,2107.0,3486.0
2007-04-01,Vlaams Gewest,2007,4,56.8,58.6,1715.0,3019.0
2007-05-01,Vlaams Gewest,2007,5,52.8,58.0,1386.0,2624.0
2007-06-01,Vlaams Gewest,2007,6,55.0,57.2,1945.0,3534.0
2007-07-01,Vlaams Gewest,2007,7,51.1,56.9,1456.0,2850.0
2007-08-01,Vlaams Gewest,2007,8,65.3,57.2,2049.0,3138.0
2007-09-01,Vlaams Gewest,2007,9,57.8,56.9,1496.0,2589.0
2007-10-01,Vlaams Gewest,2007,10,59.5,57.0,2178.0,3662.0
2007-11-01,Vlaams Gewest,2007,11,58.0,56.9,1633.0,2815.0
2007-12-01,Vlaams Gewest,2007,12,53.7,56.8,1393.0,2594.0
2008-01-01,Vlaams Gewest,2008,1,51.0,56.4,1496.0,2935.0
2008-02-01,Vlaams Gewest,2008,2,56.8,56.5,1952.0,3436.0
2008-03-01,Vlaams Gewest,2008,3,54.9,56.1,1607.0,2929.0
2008-04-01,Vlaams Gewest,2008,4,50.6,55.5,1526.0,3014.0
2008-05-01,Vlaams Gewest,2008,5,58.3,56.0,1677.0,2878.0
2008-06-01,Vlaams Gewest,2008,6,53.2,55.9,1799.0,3379.0
2008-07-01,Vlaams Gewest,2008,7,48.9,55.7,1267.0,2590.0
2008-08-01,Vlaams Gewest,2008,8,54.3,54.8,1397.0,2575.0
2008-09-01,Vlaams Gewest,2008,9,52.0,54.3,1635.0,3147.0
2008-10-01,Vlaams Gewest,2008,10,54.0,53.8,1430.0,2649.0
2008-11-01,Vlaams Gewest,2008,11,65.4,54.4,1871.0,2863.0
2008-12-01,Vlaams Gewest,2008,12,62.3,55.1,1915.0,3076.0
2009-01-01,Vlaams Gewest,2009,1,55.2,55.5,1244.0,2255.0
2009-02-01,Vlaams Gewest,2009,2,54.7,55.3,1293.0,2364.0
2009-03-01,Vlaams Gewest,2009,3,51.7,55.1,1371.0,2650.0
2009-04-01,Vlaams Gewest,2009,4,56.7,55.6,1445.0,2547.0
2009-05-01,Vlaams Gewest,2009,5,55.4,55.3,1303.0,2352.0
2009-06-01,Vlaams Gewest,2009,6,46.5,54.8,1331.0,2863.0
2009-07-01,Vlaams Gewest,2009,7,50.4,54.9,1311.0,2599.0
2009-08-01,Vlaams Gewest,2009,8,39.2,53.6,950.0,2426.0
2009-09-01,Vlaams Gewest,2009,9,50.9,53.5,1344.0,2641.0
2009-10-01,Vlaams Gewest,2009,10,55.3,53.6,1628.0,2946.0
2009-11-01,Vlaams Gewest,2009,11,54.7,52.8,1308.0,2392.0
2009-12-01,Vlaams Gewest,2009,12,53.2,52.0,1247.0,2342.0
2010-01-01,Vlaams Gewest,2010,1,47.8,51.4,1206.0,2523.0
2010-02-01,Vlaams Gewest,2010,2,54.0,51.3,1655.0,3065.0
2010-03-01,Vlaams Gewest,2010,3,52.4,51.4,1989.0,3794.0
2010-04-01,Vlaams Gewest,2010,4,38.1,49.8,1371.0,3602.0
2010-05-01,Vlaams Gewest,2010,5,48.2,49.2,2070.0,4296.0
2010-06-01,Vlaams Gewest,2010,6,52.6,49.7,2595.0,4934.0
2010-07-01,Vlaams Gewest,2010,7,62.8,50.8,2206.0,3510.0
2010-08-01,Vlaams Gewest,2010,8,54.4,52.0,937.0,1723.0
2010-09-01,Vlaams Gewest,2010,9,57.0,52.5,874.0,1533.0
2010-10-01,Vlaams Gewest,2010,10,55.1,52.5,1075.0,1951.0
2010-11-01,Vlaams Gewest,2010,11,53.0,52.4,946.0,1784.0
2010-12-01,Vlaams Gewest,2010,12,52.9,52.4,1176.0,2225.0
2011-01-01,Vlaams Gewest,2011,1,47.4,52.3,1031.0,2174.0
2011-02-01,Vlaams Gewest,2011,2,51.2,52.1,1114.0,2177.0
2011-03-01,Vlaams Gewest,2011,3,54.1,52.2,1495.0,2761.0
2011-04-01,Vlaams Gewest,2011,4,51.1,53.3,1123.0,2199.0
2011-05-01,Vlaams Gewest,2011,5,48.4,53.3,1267.0,2616.0
2011-06-01,Vlaams Gewest,2011,6,49.1,53.0,1105.0,2252.0
2011-07-01,Vlaams Gewest,2011,7,44.1,51.5,889.0,2015.0
2011-08-01,Vlaams Gewest,2011,8,53.0,51.4,1450.0,2735.0
2011-09-01,Vlaams Gewest,2011,9,59.4,51.6,1678.0,2826.0
2011-10-01,Vlaams Gewest,2011,10,66.1,52.5,1987.0,3008.0
2011-11-01,Vlaams Gewest,2011,11,52.5,52.4,1227.0,2337.0
2011-12-01,Vlaams Gewest,2011,12,53.2,52.5,1684.0,3164.0
2012-01-01,Vlaams Gewest,2012,1,45.2,52.3,1404.0,3107.0
2012-02-01,Vlaams Gewest,2012,2,51.8,52.3,1537.0,2970.0
2012-03-01,Vlaams Gewest,2012,3,60.5,52.9,2444.0,4038.0
2012-04-01,Vlaams Gewest,2012,4,64.6,54.0,2641.0,4091.0
2012-05-01,Vlaams Gewest,2012,5,52.3,54.3,1247.0,2383.0
2012-06-01,Vlaams Gewest,2012,6,49.8,54.4,1246.0,2503.0
2012-07-01,Vlaams Gewest,2012,7,54.7,55.3,1421.0,2599.0
2012-08-01,Vlaams Gewest,2012,8,52.7,55.2,1209.0,2293.0
2012-09-01,Vlaams Gewest,2012,9,56.0,54.9,1486.0,2654.0
2012-10-01,Vlaams Gewest,2012,10,57.1,54.2,1582.0,2770.0
2012-11-01,Vlaams Gewest,2012,11,56.6,54.5,1312.0,2318.0
2012-12-01,Vlaams Gewest,2012,12,51.7,54.4,1096.0,2121.0
2013-01-01,Vlaams Gewest,2013,1,47.2,54.6,1254.0,2656.0
2013-02-01,Vlaams Gewest,2013,2,55.1,54.9,1430.0,2593.0
2013-03-01,Vlaams Gewest,2013,3,65.9,55.3,2551.0,3871.0
2013-04-01,Vlaams Gewest,2013,4,61.0,55.0,1967.0,3226.0
2013-05-01,Vlaams Gewest,2013,5,50.0,54.8,1120.0,2241.0
2013-06-01,Vlaams Gewest,2013,6,65.3,56.1,2149.0,3289.0
2013-07-01,Vlaams Gewest,2013,7,57.0,56.3,1689.0,2964.0
2013-08-01,Vlaams Gewest,2013,8,55.7,56.6,1412.0,2536.0
2013-09-01,Vlaams Gewest,2013,9,57.5,56.7,1653.0,2875.0
2013-10-01,Vlaams Gewest,2013,10,60.1,56.9,1974.0,3282.0
2013-11-01,Vlaams Gewest,2013,11,56.8,56.9,1388.0,2445.0
2013-12-01,Vlaams Gewest,2013,12,55.6,57.3,1954.0,3517.0
2014-01-01,Vlaams Gewest,2014,1,43.6,57.0,1576.0,3618.0
2014-02-01,Vlaams Gewest,2014,2,49.0,56.5,2371.0,4839.0
2014-03-01,Vlaams Gewest,2014,3,53.7,55.4,3356.0,6250.0
2014-04-01,Vlaams Gewest,2014,4,74.9,56.6,5677.0,7583.0
2014-05-01,Vlaams Gewest,2014,5,72.7,58.5,2106.0,2897.0
2014-06-01,Vlaams Gewest,2014,6,55.4,57.7,987.0,1780.0
2014-07-01,Vlaams Gewest,2014,7,57.2,57.7,1014.0,1773.0
2014-08-01,Vlaams Gewest,2014,8,56.4,57.7,1027.0,1822.0
2014-09-01,Vlaams Gewest,2014,9,56.5,57.7,1403.0,2484.0
2014-10-01,Vlaams Gewest,2014,10,55.6,57.3,1260.0,2268.0
2014-11-01,Vlaams Gewest,2014,11,64.3,57.9,1507.0,2343.0
2014-12-01,Vlaams Gewest,2014,12,55.2,57.9,1375.0,2490.0
2015-01-01,Vlaams Gewest,2015,1,57.7,59.1,1475.0,2556.0
2015-02-01,Vlaams Gewest,2015,2,45.0,58.7,814.0,1808.0
2015-03-01,Vlaams Gewest,2015,3,60.1,59.3,2181.0,3630.0
2015-04-01,Vlaams Gewest,2015,4,68.7,58.7,2081.0,3028.0
2015-05-01,Vlaams Gewest,2015,5,60.4,57.7,1501.0,2487.0
2015-06-01,Vlaams Gewest,2015,6,56.2,57.8,1632.0,2904.0
2015-07-01,Vlaams Gewest,2015,7,56.3,57.7,1416.0,2513.0
2015-08-01,Vlaams Gewest,2015,8,50.9,57.2,1628.0,3201.0
2015-09-01,Vlaams Gewest,2015,9,65.4,58.0,1940.0,2965.0
2015-10-01,Vlaams Gewest,2015,10,70.0,59.2,2422.0,3462.0
2015-11-01,Vlaams Gewest,2015,11,54.8,58.4,1382.0,2522.0
2015-12-01,Vlaams Gewest,2015,12,53.8,58.3,1182.0,2196.0
2016-01-01,Vlaams Gewest,2016,1,49.8,57.6,1429.0,2868.0
2016-02-01,Vlaams Gewest,2016,2,52.0,58.2,2136.0,4111.0
2016-03-01,Vlaams Gewest,2016,3,61.3,58.3,3249.0,5297.0
2016-04-01,Vlaams Gewest,2016,4,76.3,58.9,5129.0,6718.0
2016-05-01,Vlaams Gewest,2016,5,71.0,59.8,2604.0,3670.0
2016-06-01,Vlaams Gewest,2016,6,57.6,59.9,1271.0,2207.0
2016-07-01,Vlaams Gewest,2016,7,60.1,60.2,1131.0,1882.0
2016-08-01,Vlaams Gewest,2016,8,67.4,61.6,2065.0,3065.0
2016-09-01,Vlaams Gewest,2016,9,66.8,61.7,1968.0,2948.0
2016-10-01,Vlaams Gewest,2016,10,60.1,60.9,1477.0,2457.0
2016-11-01,Vlaams Gewest,2016,11,54.8,60.9,1001.0,1828.0
2016-12-01,Vlaams Gewest,2016,12,65.2,61.9,1623.0,2491.0
2017-01-01,Vlaams Gewest,2017,1,57.9,62.5,1556.0,2686.0
2017-02-01,Vlaams Gewest,2017,2,48.8,62.3,1086.0,2227.0
2017-03-01,Vlaams Gewest,2017,3,62.6,62.4,2116.0,3379.0
2017-04-01,Vlaams Gewest,2017,4,67.2,61.6,1799.0,2676.0
2017-05-01,Vlaams Gewest,2017,5,77.8,62.2,2763.0,3553.0
2017-06-01,Vlaams Gewest,2017,6,77.8,63.9,2786.0,3583.0
2017-07-01,Vlaams Gewest,2017,7,55.2,63.5,1061.0,1923.0
2017-08-01,Vlaams Gewest,2017,8,47.1,61.8,927.0,1970.0
2017-09-01,Vlaams Gewest,2017,9,62.1,61.4,2128.0,3424.0
2017-10-01,Vlaams Gewest,2017,10,66.5,61.9,3102.0,4665.0
2017-11-01,Vlaams Gewest,2017,11,62.0,62.5,2008.0,3239.0
2017-12-01,Vlaams Gewest,2017,12,66.9,62.7,2437.0,3644.0
2018-01-01,Vlaams Gewest,2018,1,59.8,62.8,2048.0,3427.0
2018-02-01,Vlaams Gewest,2018,2,59.9,63.7,2532.0,4229.0
2018-03-01,Vlaams Gewest,2018,3,62.8,63.8,3735.0,5951.0
2018-04-01,Vlaams Gewest,2018,4,65.9,63.6,4041.0,6128.0
2018-05-01,Vlaams Gewest,2018,5,74.6,63.4,4971.0,6661.0
2018-06-01,Vlaams Gewest,2018,6,62.3,62.1,2126.0,3414.0
2018-07-01,Vlaams Gewest,2018,7,58.1,62.3,1724.0,2965.0
2018-08-01,Vlaams Gewest,2018,8,57.3,63.2,1572.0,2745.0
2018-09-01,Vlaams Gewest,2018,9,56.1,62.7,1824.0,3251.0
2018-10-01,Vlaams Gewest,2018,10,63.1,62.4,2376.0,3763.0
2018-11-01,Vlaams Gewest,2018,11,59.8,62.2,1940.0,3244.0
2018-12-01,Vlaams Gewest,2018,12,61.4,61.8,2281.0,3712.0
2019-01-01,Vlaams Gewest,2019,1,54.9,61.4,1669.0,3039.0
2019-02-01,Vlaams Gewest,2019,2,55.5,61.0,1694.0,3053.0
2019-03-01,Vlaams Gewest,2019,3,56.2,60.4,2143.0,3815.0
2019-04-01,Vlaams Gewest,2019,4,57.4,59.7,2212.0,3851.0
2019-05-01,Vlaams Gewest,2019,5,59.5,58.5,1960.0,3293.0
2019-06-01,Vlaams Gewest,2019,6,58.4,58.1,2051.0,3514.0
2019-07-01,Vlaams Gewest,2019,7,59.8,58.3,2444.0,4086.0
2019-08-01,Vlaams Gewest,2019,8,58.3,58.4,1957.0,3355.0
2019-09-01,Vlaams Gewest,2019,9,61.1,58.8,2522.0,4129.0
2019-10-01,Vlaams Gewest,2019,10,64.1,58.9,2747.0,4287.0
2019-11-01,Vlaams Gewest,2019,11,57.8,58.7,1870.0,3233.0
2019-12-01,Vlaams Gewest,2019,12,51.0,57.8,1654.0,3244.0
2020-01-01,Vlaams Gewest,2020,1,44.9,57.0,1415.0,3151.0
2020-02-01,Vlaams Gewest,2020,2,49.3,56.5,1674.0,3397.0
2020-03-01,Vlaams Gewest,2020,3,54.0,56.3,2639.0,4888.0
2020-04-01,Vlaams Gewest,2020,4,61.2,56.6,2017.0,3296.0
2020-05-01,Vlaams Gewest,2020,5,63.3,56.9,1841.0,2910.0
2020-06-01,Vlaams Gewest,2020,6,54.5,56.6,1907.0,3501.0
2020-07-01,Vlaams Gewest,2020,7,58.8,56.5,2021.0,3437.0
2020-08-01,Vlaams Gewest,2020,8,58.8,56.6,2095.0,3562.0
2020-09-01,Vlaams Gewest,2020,9,55.4,56.1,1832.0,3309.0
2020-10-01,Vlaams Gewest,2020,10,58.2,55.6,2438.0,4186.0
2020-11-01,Vlaams Gewest,2020,11,62.9,56.0,2410.0,3831.0
2020-12-01,Vlaams Gewest,2020,12,59.2,56.7,2291.0,3871.0
2021-01-01,Vlaams Gewest,2021,1,56.3,57.7,2130.0,3785.0
2021-02-01,Vlaams Gewest,2021,2,53.5,58.0,1839.0,3435.0
2021-03-01,Vlaams Gewest,2021,3,46.4,57.4,2048.0,4413.0
2021-04-01,Vlaams Gewest,2021,4,55.4,56.9,2089.0,3772.0
2021-05-01,Vlaams Gewest,2021,5,51.5,55.9,1821.0,3534.0
2021-06-01,Vlaams Gewest,2021,6,55.7,56.0,2462.0,4417.0
2021-07-01,Vlaams Gewest,2021,7,51.3,55.4,1743.0,3395.0
2021-08-01,Vlaams Gewest,2021,8,50.1,54.7,1658.0,3307.0
2021-09-01,Vlaams Gewest,2021,9,53.1,54.5,1969.0,3706.0
2021-10-01,Vlaams Gewest,2021,10,53.7,54.1,2019.0,3761.0
2021-11-01,Vlaams Gewest,2021,11,52.5,53.2,1670.0,3180.0
2021-12-01,Vlaams Gewest,2021,12,53.9,52.8,1766.0,3274.0
2022-01-01,Vlaams Gewest,2022,1,47.1,52.0,1529.0,3248.0
2022-02-01,Vlaams Gewest,2022,2,51.5,51.9,1760.0,3420.0
2022-03-01,Vlaams Gewest,2022,3,50.3,52.2,2484.0,4943.0
2022-04-01,Vlaams Gewest,2022,4,52.7,52.0,1548.0,2940.0
2022-05-01,Vlaams Gewest,2022,5,58.4,52.5,2428.0,4161.0
2022-06-01,Vlaams Gewest,2022,6,53.3,52.3,1862.0,3492.0
2022-07-01,Vlaams Gewest,2022,7,53.2,52.5,1425.0,2681.0
2022-08-01,Vlaams Gewest,2022,8,52.7,52.7,1757.0,3334.0
2022-09-01,Vlaams Gewest,2022,9,55.4,52.9,1878.0,3391.0
2022-10-01,Vlaams Gewest,2022,10,50.1,52.6,1497.0,2991.0
2022-11-01,Vlaams Gewest,2022,11,57.2,53.0,1593.0,2786.0
2022-12-01,Vlaams Gewest,2022,12,51.2,52.8,1421.0,2778.0
2023-01-01,Vlaams Gewest,2023,1,55.7,53.5,1763.0,3164.0
2023-02-01,Vlaams Gewest,2023,2,47.3,53.1,1335.0,2825.0
2023-03-01,Vlaams Gewest,2023,3,46.4,52.8,1567.0,3375.0
2023-04-01,Vlaams Gewest,2023,4,53.1,52.8,1526.0,2874.0
2023-05-01,Vlaams Gewest,2023,5,57.2,52.7,1829.0,3197.0
2023-06-01,Vlaams Gewest,2023,6,60.1,53.3,2100.0,3496.0
2023-07-01,Vlaams Gewest,2023,7,60.9,53.9,1800.0,2958.0
2023-08-01,Vlaams Gewest,2023,8,46.9,53.5,917.0,1955.0
2023-09-01,Vlaams Gewest,2023,9,54.7,53.4,1724.0,3151.0
2023-10-01,Vlaams Gewest,2023,10,58.1,54.1,2284.0,3928.0
2023-11-01,Vlaams Gewest,2023,11,53.8,53.8,1561.0,2901.0
2023-12-01,Vlaams Gewest,2023,12,54.0,54.0,1562.0,2893.0
2024-01-01,Vlaams Gewest,2024,1,55.7,54.0,1362.0,2447.0
2024-02-01,Vlaams Gewest,2024,2,46.1,53.9,965.0,2095.0
2024-03-01,Vlaams Gewest,2024,3,55.6,54.7,1819.0,3271.0
2024-04-01,Vlaams Gewest,2024,4,58.7,55.1,1834.0,3124.0
2024-05-01,Vlaams Gewest,2024,5,57.4,55.2,1447.0,2520.0
2024-06-01,Vlaams Gewest,2024,6,57.7,55.0,1703.0,2952.0
2024-07-01,Vlaams Gewest,2024,7,60.6,54.9,1704.0,2814.0
2024-08-01,Vlaams Gewest,2024,8,56.2,55.7,1231.0,2190.0
2024-09-01,Vlaams Gewest,2024,9,59.7,56.1,1795.0,3006.0
2024-10-01,Vlaams Gewest,2024,10,57.4,56.1,1501.0,2615.0
2024-11-01,Vlaams Gewest,2024,11,55.1,56.2,1450.0,2633.0
2024-12-01,Vlaams Gewest,2024,12,52.9,56.1,1307.0,2470.0
2025-01-01,Vlaams Gewest,2025,1,53.0,55.9,1203.0,2268.0
2025-02-01,Vlaams Gewest,2025,2,55.0,56.6,1298.0,2362.0
2025-03-01,Vlaams Gewest,2025,3,48.5,56.0,1240.0,2556.0
2025-04-01,Vlaams Gewest,2025,4,61.5,56.2,1782.0,2899.0
2025-05-01,Vlaams Gewest,2025,5,47.2,55.4,1118.0,2370.0
1996-01-01,Waals Gewest,1996,1,24.6,24.6,194.0,789.0
1996-02-01,Waals Gewest,1996,2,23.5,24.1,206.0,876.0
1996-03-01,Waals Gewest,1996,3,19.7,22.6,189.0,961.0
1996-04-01,Waals Gewest,1996,4,25.2,23.2,266.0,1057.0
1996-05-01,Waals Gewest,1996,5,30.7,24.7,368.0,1199.0
1996-06-01,Waals Gewest,1996,6,32.2,26.0,462.0,1436.0
1996-07-01,Waals Gewest,1996,7,28.0,26.3,358.0,1279.0
1996-08-01,Waals Gewest,1996,8,39.1,27.9,468.0,1198.0
1996-09-01,Waals Gewest,1996,9,38.4,29.0,427.0,1113.0
1996-10-01,Waals Gewest,1996,10,29.2,29.1,322.0,1101.0
1996-11-01,Waals Gewest,1996,11,32.5,29.4,363.0,1117.0
1996-12-01,Waals Gewest,1996,12,28.5,29.3,271.0,951.0
1997-01-01,Waals Gewest,1997,1,21.8,29.1,177.0,812.0
1997-02-01,Waals Gewest,1997,2,33.3,29.9,341.0,1023.0
1997-03-01,Waals Gewest,1997,3,28.8,30.6,327.0,1135.0
1997-04-01,Waals Gewest,1997,4,29.5,31.0,396.0,1344.0
1997-05-01,Waals Gewest,1997,5,19.7,30.1,194.0,984.0
1997-06-01,Waals Gewest,1997,6,22.4,29.3,285.0,1274.0
1997-07-01,Waals Gewest,1997,7,25.2,29.0,345.0,1368.0
1997-08-01,Waals Gewest,1997,8,21.7,27.6,212.0,977.0
1997-09-01,Waals Gewest,1997,9,35.6,27.4,535.0,1504.0
1997-10-01,Waals Gewest,1997,10,26.7,27.1,318.0,1190.0
1997-11-01,Waals Gewest,1997,11,31.8,27.1,372.0,1168.0
1997-12-01,Waals Gewest,1997,12,25.5,26.8,568.0,2227.0
1998-01-01,Waals Gewest,1998,1,35.1,27.9,178.0,507.0
1998-02-01,Waals Gewest,1998,2,29.6,27.6,203.0,686.0
1998-03-01,Waals Gewest,1998,3,28.5,27.6,262.0,920.0
1998-04-01,Waals Gewest,1998,4,30.5,27.7,306.0,1002.0
1998-05-01,Waals Gewest,1998,5,30.8,28.6,331.0,1076.0
1998-06-01,Waals Gewest,1998,6,36.0,29.8,460.0,1278.0
1998-07-01,Waals Gewest,1998,7,20.7,29.4,187.0,904.0
1998-08-01,Waals Gewest,1998,8,33.9,30.4,366.0,1079.0
1998-09-01,Waals Gewest,1998,9,34.9,30.3,344.0,985.0
1998-10-01,Waals Gewest,1998,10,14.9,29.3,114.0,765.0
1998-11-01,Waals Gewest,1998,11,21.2,28.5,149.0,703.0
1998-12-01,Waals Gewest,1998,12,26.4,28.5,214.0,812.0
1999-01-01,Waals Gewest,1999,1,39.7,28.9,373.0,940.0
1999-02-01,Waals Gewest,1999,2,27.5,28.8,230.0,835.0
1999-03-01,Waals Gewest,1999,3,21.3,28.2,256.0,1203.0
1999-04-01,Waals Gewest,1999,4,27.5,27.9,305.0,1108.0
1999-05-01,Waals Gewest,1999,5,30.8,27.9,389.0,1264.0
1999-06-01,Waals Gewest,1999,6,27.0,27.1,374.0,1384.0
1999-07-01,Waals Gewest,1999,7,11.0,26.3,112.0,1022.0
1999-08-01,Waals Gewest,1999,8,42.8,27.1,612.0,1429.0
1999-09-01,Waals Gewest,1999,9,21.6,26.0,212.0,980.0
1999-10-01,Waals Gewest,1999,10,36.7,27.8,410.0,1117.0
1999-11-01,Waals Gewest,1999,11,41.7,29.5,519.0,1246.0
1999-12-01,Waals Gewest,1999,12,28.2,29.7,253.0,898.0
2000-01-01,Waals Gewest,2000,1,41.0,29.8,504.0,1228.0
2000-02-01,Waals Gewest,2000,2,36.2,30.5,421.0,1164.0
2000-03-01,Waals Gewest,2000,3,20.3,30.4,213.0,1048.0
2000-04-01,Waals Gewest,2000,4,22.6,30.0,203.0,900.0
2000-05-01,Waals Gewest,2000,5,19.3,29.0,229.0,1188.0
2000-06-01,Waals Gewest,2000,6,23.8,28.8,226.0,951.0
2000-07-01,Waals Gewest,2000,7,28.0,30.2,261.0,933.0
2000-08-01,Waals Gewest,2000,8,28.7,29.0,299.0,1041.0
2000-09-01,Waals Gewest,2000,9,33.5,30.0,275.0,820.0
2000-10-01,Waals Gewest,2000,10,24.5,29.0,203.0,829.0
2000-11-01,Waals Gewest,2000,11,21.1,27.3,143.0,677.0
2000-12-01,Waals Gewest,2000,12,31.4,27.5,226.0,720.0
2001-01-01,Waals Gewest,2001,1,13.1,25.2,111.0,846.0
2001-02-01,Waals Gewest,2001,2,33.0,24.9,278.0,842.0
2001-03-01,Waals Gewest,2001,3,41.8,26.7,475.0,1137.0
2001-04-01,Waals Gewest,2001,4,32.8,27.6,315.0,961.0
2001-05-01,Waals Gewest,2001,5,29.8,28.5,300.0,1008.0
2001-06-01,Waals Gewest,2001,6,21.1,28.2,184.0,872.0
2001-07-01,Waals Gewest,2001,7,37.0,29.0,405.0,1094.0
2001-08-01,Waals Gewest,2001,8,34.7,29.5,314.0,905.0
2001-09-01,Waals Gewest,2001,9,29.1,29.1,181.0,622.0
2001-10-01,Waals Gewest,2001,10,36.2,30.1,387.0,1068.0
2001-11-01,Waals Gewest,2001,11,39.7,31.6,302.0,760.0
2001-12-01,Waals Gewest,2001,12,38.3,32.2,310.0,809.0
2002-01-01,Waals Gewest,2002,1,25.8,33.3,216.0,838.0
2002-02-01,Waals Gewest,2002,2,44.5,34.2,449.0,1008.0
2002-03-01,Waals Gewest,2002,3,28.2,33.1,236.0,838.0
2002-04-01,Waals Gewest,2002,4,33.5,33.2,354.0,1057.0
2002-05-01,Waals Gewest,2002,5,24.8,32.7,224.0,904.0
2002-06-01,Waals Gewest,2002,6,22.4,32.9,180.0,803.0
2002-07-01,Waals Gewest,2002,7,20.1,31.4,163.0,810.0
2002-08-01,Waals Gewest,2002,8,45.5,32.3,451.0,992.0
2002-09-01,Waals Gewest,2002,9,25.2,32.0,168.0,667.0
2002-10-01,Waals Gewest,2002,10,37.6,32.1,302.0,803.0
2002-11-01,Waals Gewest,2002,11,29.3,31.3,179.0,611.0
2002-12-01,Waals Gewest,2002,12,29.5,30.5,210.0,712.0
2003-01-01,Waals Gewest,2003,1,32.4,31.1,254.0,785.0
2003-02-01,Waals Gewest,2003,2,21.5,29.2,129.0,599.0
2003-03-01,Waals Gewest,2003,3,36.0,29.8,363.0,1008.0
2003-04-01,Waals Gewest,2003,4,36.8,30.1,418.0,1136.0
2003-05-01,Waals Gewest,2003,5,32.8,30.8,305.0,931.0
2003-06-01,Waals Gewest,2003,6,34.6,31.8,364.0,1051.0
2003-07-01,Waals Gewest,2003,7,29.8,32.6,285.0,956.0
2003-08-01,Waals Gewest,2003,8,41.1,32.2,413.0,1006.0
2003-09-01,Waals Gewest,2003,9,44.8,33.9,483.0,1077.0
2003-10-01,Waals Gewest,2003,10,26.8,33.0,207.0,772.0
2003-11-01,Waals Gewest,2003,11,31.6,33.1,215.0,680.0
2003-12-01,Waals Gewest,2003,12,30.6,33.2,241.0,787.0
2004-01-01,Waals Gewest,2004,1,38.3,33.7,387.0,1011.0
2004-02-01,Waals Gewest,2004,2,26.2,34.1,184.0,701.0
2004-03-01,Waals Gewest,2004,3,36.4,34.1,462.0,1269.0
2004-04-01,Waals Gewest,2004,4,30.7,33.6,309.0,1007.0
2004-05-01,Waals Gewest,2004,5,30.1,33.4,305.0,1013.0
2004-06-01,Waals Gewest,2004,6,33.3,33.3,402.0,1209.0
2004-07-01,Waals Gewest,2004,7,45.3,34.6,469.0,1036.0
2004-08-01,Waals Gewest,2004,8,40.6,34.6,440.0,1084.0
2004-09-01,Waals Gewest,2004,9,32.6,33.5,302.0,926.0
2004-10-01,Waals Gewest,2004,10,43.2,34.9,468.0,1083.0
2004-11-01,Waals Gewest,2004,11,34.3,35.1,313.0,912.0
2004-12-01,Waals Gewest,2004,12,45.6,36.4,415.0,910.0
2005-01-01,Waals Gewest,2005,1,34.2,36.0,303.0,886.0
2005-02-01,Waals Gewest,2005,2,36.0,36.9,341.0,948.0
2005-03-01,Waals Gewest,2005,3,41.7,37.3,473.0,1134.0
2005-04-01,Waals Gewest,2005,4,33.2,37.5,407.0,1226.0
2005-05-01,Waals Gewest,2005,5,46.3,38.9,705.0,1522.0
2005-06-01,Waals Gewest,2005,6,47.8,40.1,712.0,1491.0
2005-07-01,Waals Gewest,2005,7,36.6,39.3,397.0,1086.0
2005-08-01,Waals Gewest,2005,8,39.5,39.2,503.0,1274.0
2005-09-01,Waals Gewest,2005,9,39.6,39.8,461.0,1164.0
2005-10-01,Waals Gewest,2005,10,40.6,39.6,489.0,1205.0
2005-11-01,Waals Gewest,2005,11,38.0,39.9,367.0,966.0
2005-12-01,Waals Gewest,2005,12,55.5,40.8,812.0,1462.0
2006-01-01,Waals Gewest,2006,1,29.9,40.4,339.0,1134.0
2006-02-01,Waals Gewest,2006,2,37.2,40.5,430.0,1157.0
2006-03-01,Waals Gewest,2006,3,43.9,40.7,735.0,1676.0
2006-04-01,Waals Gewest,2006,4,41.7,41.4,487.0,1168.0
2006-05-01,Waals Gewest,2006,5,35.9,40.5,535.0,1492.0
2006-06-01,Waals Gewest,2006,6,41.0,40.0,579.0,1413.0
2006-07-01,Waals Gewest,2006,7,38.9,40.1,500.0,1287.0
2006-08-01,Waals Gewest,2006,8,41.2,40.3,497.0,1206.0
2006-09-01,Waals Gewest,2006,9,37.4,40.1,394.0,1054.0
2006-10-01,Waals Gewest,2006,10,42.5,40.3,495.0,1166.0
2006-11-01,Waals Gewest,2006,11,42.2,40.6,452.0,1071.0
2006-12-01,Waals Gewest,2006,12,49.7,40.1,628.0,1264.0
2007-01-01,Waals Gewest,2007,1,51.4,41.9,678.0,1319.0
2007-02-01,Waals Gewest,2007,2,41.7,42.3,457.0,1095.0
2007-03-01,Waals Gewest,2007,3,46.5,42.5,697.0,1500.0
2007-04-01,Waals Gewest,2007,4,38.4,42.2,439.0,1142.0
2007-05-01,Waals Gewest,2007,5,50.7,43.5,692.0,1364.0
2007-06-01,Waals Gewest,2007,6,40.5,43.4,544.0,1344.0
2007-07-01,Waals Gewest,2007,7,44.3,43.9,569.0,1283.0
2007-08-01,Waals Gewest,2007,8,46.9,44.3,617.0,1315.0
2007-09-01,Waals Gewest,2007,9,40.4,44.6,369.0,913.0
2007-10-01,Waals Gewest,2007,10,53.4,45.5,809.0,1514.0
2007-11-01,Waals Gewest,2007,11,50.4,46.2,598.0,1187.0
2007-12-01,Waals Gewest,2007,12,43.3,45.7,456.0,1054.0
2008-01-01,Waals Gewest,2008,1,49.3,45.5,762.0,1546.0
2008-02-01,Waals Gewest,2008,2,45.2,45.8,565.0,1251.0
2008-03-01,Waals Gewest,2008,3,56.5,46.6,739.0,1309.0
2008-04-01,Waals Gewest,2008,4,35.1,46.3,531.0,1513.0
2008-05-01,Waals Gewest,2008,5,47.1,46.0,521.0,1107.0
2008-06-01,Waals Gewest,2008,6,46.1,46.5,612.0,1327.0
2008-07-01,Waals Gewest,2008,7,37.7,45.9,440.0,1168.0
2008-08-01,Waals Gewest,2008,8,36.1,45.1,399.0,1106.0
2008-09-01,Waals Gewest,2008,9,40.5,45.1,463.0,1142.0
2008-10-01,Waals Gewest,2008,10,48.0,44.6,598.0,1245.0
2008-11-01,Waals Gewest,2008,11,43.2,44.0,451.0,1043.0
2008-12-01,Waals Gewest,2008,12,38.9,43.6,414.0,1063.0
2009-01-01,Waals Gewest,2009,1,41.6,43.0,392.0,943.0
2009-02-01,Waals Gewest,2009,2,54.0,43.7,530.0,981.0
2009-03-01,Waals Gewest,2009,3,40.5,42.4,483.0,1192.0
2009-04-01,Waals Gewest,2009,4,38.2,42.7,390.0,1020.0
2009-05-01,Waals Gewest,2009,5,45.1,42.5,446.0,988.0
2009-06-01,Waals Gewest,2009,6,42.6,42.2,537.0,1261.0
2009-07-01,Waals Gewest,2009,7,52.3,43.4,614.0,1173.0
2009-08-01,Waals Gewest,2009,8,44.0,44.1,523.0,1188.0
2009-09-01,Waals Gewest,2009,9,48.7,44.8,606.0,1245.0
2009-10-01,Waals Gewest,2009,10,36.4,43.8,316.0,867.0
2009-11-01,Waals Gewest,2009,11,45.8,44.0,429.0,936.0
2009-12-01,Waals Gewest,2009,12,52.7,45.2,574.0,1090.0
2010-01-01,Waals Gewest,2010,1,46.6,45.6,446.0,958.0
2010-02-01,Waals Gewest,2010,2,40.8,44.5,326.0,799.0
2010-03-01,Waals Gewest,2010,3,39.9,44.4,556.0,1392.0
2010-04-01,Waals Gewest,2010,4,45.5,45.0,631.0,1386.0
2010-05-01,Waals Gewest,2010,5,31.6,43.9,377.0,1194.0
2010-06-01,Waals Gewest,2010,6,36.5,43.4,511.0,1401.0
2010-07-01,Waals Gewest,2010,7,42.6,42.6,540.0,1267.0
2010-08-01,Waals Gewest,2010,8,50.4,43.1,622.0,1235.0
2010-09-01,Waals Gewest,2010,9,47.8,43.1,416.0,871.0
2010-10-01,Waals Gewest,2010,10,47.6,44.0,392.0,824.0
2010-11-01,Waals Gewest,2010,11,49.6,44.3,409.0,824.0
2010-12-01,Waals Gewest,2010,12,48.3,43.9,383.0,793.0
2011-01-01,Waals Gewest,2011,1,52.4,44.4,481.0,918.0
2011-02-01,Waals Gewest,2011,2,48.5,45.1,436.0,899.0
2011-03-01,Waals Gewest,2011,3,33.0,44.5,291.0,882.0
2011-04-01,Waals Gewest,2011,4,44.6,44.4,414.0,929.0
2011-05-01,Waals Gewest,2011,5,42.6,45.3,485.0,1138.0
2011-06-01,Waals Gewest,2011,6,41.9,45.8,417.0,996.0
2011-07-01,Waals Gewest,2011,7,39.1,45.5,296.0,758.0
2011-08-01,Waals Gewest,2011,8,37.4,44.4,374.0,1000.0
2011-09-01,Waals Gewest,2011,9,42.8,44.0,490.0,1145.0
2011-10-01,Waals Gewest,2011,10,52.4,44.4,601.0,1146.0
2011-11-01,Waals Gewest,2011,11,44.5,44.0,473.0,1063.0
2011-12-01,Waals Gewest,2011,12,45.6,43.7,481.0,1054.0
2012-01-01,Waals Gewest,2012,1,41.9,42.9,396.0,946.0
2012-02-01,Waals Gewest,2012,2,42.2,42.3,402.0,952.0
2012-03-01,Waals Gewest,2012,3,43.1,43.2,474.0,1100.0
2012-04-01,Waals Gewest,2012,4,43.0,43.0,362.0,841.0
2012-05-01,Waals Gewest,2012,5,43.9,43.1,521.0,1187.0
2012-06-01,Waals Gewest,2012,6,28.1,42.0,244.0,867.0
2012-07-01,Waals Gewest,2012,7,43.8,42.4,483.0,1102.0
2012-08-01,Waals Gewest,2012,8,40.6,42.7,393.0,967.0
2012-09-01,Waals Gewest,2012,9,42.3,42.6,332.0,784.0
2012-10-01,Waals Gewest,2012,10,46.4,42.1,446.0,962.0
2012-11-01,Waals Gewest,2012,11,52.4,42.8,586.0,1119.0
2012-12-01,Waals Gewest,2012,12,44.5,42.7,359.0,807.0
2013-01-01,Waals Gewest,2013,1,40.4,42.6,362.0,896.0
2013-02-01,Waals Gewest,2013,2,41.0,42.5,297.0,724.0
2013-03-01,Waals Gewest,2013,3,48.4,42.9,440.0,910.0
2013-04-01,Waals Gewest,2013,4,35.6,42.3,329.0,925.0
2013-05-01,Waals Gewest,2013,5,55.0,43.2,593.0,1078.0
2013-06-01,Waals Gewest,2013,6,41.5,44.3,423.0,1020.0
2013-07-01,Waals Gewest,2013,7,50.9,44.9,593.0,1165.0
2013-08-01,Waals Gewest,2013,8,40.9,44.9,332.0,812.0
2013-09-01,Waals Gewest,2013,9,56.1,46.1,622.0,1109.0
2013-10-01,Waals Gewest,2013,10,50.6,46.4,470.0,928.0
2013-11-01,Waals Gewest,2013,11,45.0,45.8,388.0,862.0
2013-12-01,Waals Gewest,2013,12,47.7,46.1,369.0,773.0
2014-01-01,Waals Gewest,2014,1,45.7,46.5,517.0,1132.0
2014-02-01,Waals Gewest,2014,2,45.7,46.9,301.0,659.0
2014-03-01,Waals Gewest,2014,3,53.5,47.3,472.0,882.0
2014-04-01,Waals Gewest,2014,4,53.7,48.9,654.0,1217.0
2014-05-01,Waals Gewest,2014,5,49.4,48.4,486.0,984.0
2014-06-01,Waals Gewest,2014,6,50.1,49.1,511.0,1019.0
2014-07-01,Waals Gewest,2014,7,53.0,49.3,472.0,891.0
2014-08-01,Waals Gewest,2014,8,56.4,50.6,787.0,1395.0
2014-09-01,Waals Gewest,2014,9,68.1,51.6,939.0,1378.0
2014-10-01,Waals Gewest,2014,10,52.5,51.7,463.0,882.0
2014-11-01,Waals Gewest,2014,11,48.2,52.0,373.0,774.0
2014-12-01,Waals Gewest,2014,12,54.3,52.6,502.0,924.0
2015-01-01,Waals Gewest,2015,1,54.7,53.3,461.0,843.0
2015-02-01,Waals Gewest,2015,2,53.5,54.0,445.0,832.0
2015-03-01,Waals Gewest,2015,3,49.3,53.6,480.0,973.0
2015-04-01,Waals Gewest,2015,4,37.6,52.3,293.0,779.0
2015-05-01,Waals Gewest,2015,5,56.3,52.8,575.0,1022.0
2015-06-01,Waals Gewest,2015,6,51.1,52.9,571.0,1117.0
2015-07-01,Waals Gewest,2015,7,47.2,52.4,393.0,832.0
2015-08-01,Waals Gewest,2015,8,49.8,51.9,513.0,1030.0
2015-09-01,Waals Gewest,2015,9,60.2,51.2,716.0,1189.0
2015-10-01,Waals Gewest,2015,10,57.2,51.6,537.0,938.0
2015-11-01,Waals Gewest,2015,11,50.6,51.8,454.0,897.0
2015-12-01,Waals Gewest,2015,12,55.1,51.9,482.0,874.0
2016-01-01,Waals Gewest,2016,1,45.1,51.1,348.0,771.0
2016-02-01,Waals Gewest,2016,2,42.4,50.2,345.0,814.0
2016-03-01,Waals Gewest,2016,3,43.7,49.7,344.0,788.0
2016-04-01,Waals Gewest,2016,4,45.4,50.3,417.0,919.0
2016-05-01,Waals Gewest,2016,5,58.3,50.5,675.0,1157.0
2016-06-01,Waals Gewest,2016,6,37.9,49.4,294.0,775.0
2016-07-01,Waals Gewest,2016,7,50.3,49.7,432.0,858.0
2016-08-01,Waals Gewest,2016,8,41.7,49.0,375.0,900.0
2016-09-01,Waals Gewest,2016,9,46.0,47.8,331.0,720.0
2016-10-01,Waals Gewest,2016,10,57.6,47.8,556.0,965.0
2016-11-01,Waals Gewest,2016,11,42.8,47.2,308.0,719.0
2016-12-01,Waals Gewest,2016,12,54.7,47.2,511.0,934.0
2017-01-01,Waals Gewest,2017,1,48.9,47.5,431.0,882.0
2017-02-01,Waals Gewest,2017,2,50.4,48.1,475.0,943.0
2017-03-01,Waals Gewest,2017,3,38.5,47.7,383.0,996.0
2017-04-01,Waals Gewest,2017,4,49.6,48.1,485.0,978.0
2017-05-01,Waals Gewest,2017,5,44.4,46.9,435.0,980.0
2017-06-01,Waals Gewest,2017,6,47.9,47.7,549.0,1145.0
2017-07-01,Waals Gewest,2017,7,41.7,47.0,353.0,846.0
2017-08-01,Waals Gewest,2017,8,34.5,46.4,252.0,731.0
2017-09-01,Waals Gewest,2017,9,57.1,47.3,578.0,1013.0
2017-10-01,Waals Gewest,2017,10,50.7,46.8,481.0,949.0
2017-11-01,Waals Gewest,2017,11,44.1,46.9,357.0,810.0
2017-12-01,Waals Gewest,2017,12,59.2,47.2,539.0,911.0
2018-01-01,Waals Gewest,2018,1,39.1,46.4,398.0,1019.0
2018-02-01,Waals Gewest,2018,2,52.4,46.6,422.0,805.0
2018-03-01,Waals Gewest,2018,3,54.3,47.9,607.0,1117.0
2018-04-01,Waals Gewest,2018,4,53.3,48.2,544.0,1020.0
2018-05-01,Waals Gewest,2018,5,51.1,48.8,530.0,1037.0
2018-06-01,Waals Gewest,2018,6,48.0,48.8,508.0,1059.0
2018-07-01,Waals Gewest,2018,7,47.4,49.3,456.0,963.0
2018-08-01,Waals Gewest,2018,8,39.0,49.6,333.0,853.0
2018-09-01,Waals Gewest,2018,9,52.6,49.3,407.0,774.0
2018-10-01,Waals Gewest,2018,10,55.8,49.7,566.0,1015.0
2018-11-01,Waals Gewest,2018,11,54.0,50.5,693.0,1283.0
2018-12-01,Waals Gewest,2018,12,48.0,49.6,353.0,736.0
2019-01-01,Waals Gewest,2019,1,37.1,49.4,302.0,815.0
2019-02-01,Waals Gewest,2019,2,40.7,48.4,277.0,681.0
2019-03-01,Waals Gewest,2019,3,35.2,46.9,282.0,802.0
2019-04-01,Waals Gewest,2019,4,45.5,46.2,394.0,865.0
2019-05-01,Waals Gewest,2019,5,54.3,46.5,573.0,1055.0
2019-06-01,Waals Gewest,2019,6,46.4,46.3,437.0,941.0
2019-07-01,Waals Gewest,2019,7,53.4,46.8,692.0,1296.0
2019-08-01,Waals Gewest,2019,8,34.1,46.4,271.0,794.0
2019-09-01,Waals Gewest,2019,9,68.1,47.7,1124.0,1650.0
2019-10-01,Waals Gewest,2019,10,47.3,47.0,453.0,958.0
2019-11-01,Waals Gewest,2019,11,47.4,46.5,462.0,975.0
2019-12-01,Waals Gewest,2019,12,45.3,46.2,385.0,850.0
2020-01-01,Waals Gewest,2020,1,40.9,46.5,412.0,1007.0
2020-02-01,Waals Gewest,2020,2,42.1,46.7,315.0,749.0
2020-03-01,Waals Gewest,2020,3,53.8,48.2,620.0,1152.0
2020-04-01,Waals Gewest,2020,4,52.7,48.8,645.0,1223.0
2020-05-01,Waals Gewest,2020,5,51.5,48.6,434.0,842.0
2020-06-01,Waals Gewest,2020,6,41.9,48.2,301.0,718.0
2020-07-01,Waals Gewest,2020,7,38.3,46.9,330.0,861.0
2020-08-01,Waals Gewest,2020,8,31.1,46.7,289.0,930.0
2020-09-01,Waals Gewest,2020,9,42.8,44.6,397.0,927.0
2020-10-01,Waals Gewest,2020,10,43.6,44.3,396.0,908.0
2020-11-01,Waals Gewest,2020,11,45.9,44.2,439.0,956.0
2020-12-01,Waals Gewest,2020,12,47.8,44.4,433.0,905.0
2021-01-01,Waals Gewest,2021,1,35.5,43.9,327.0,921.0
2021-02-01,Waals Gewest,2021,2,40.5,43.8,378.0,934.0
2021-03-01,Waals Gewest,2021,3,42.8,42.9,613.0,1433.0
2021-04-01,Waals Gewest,2021,4,41.4,41.9,468.0,1130.0
2021-05-01,Waals Gewest,2021,5,45.1,41.4,542.0,1203.0
2021-06-01,Waals Gewest,2021,6,43.9,41.6,512.0,1167.0
2021-07-01,Waals Gewest,2021,7,53.6,42.8,663.0,1236.0
2021-08-01,Waals Gewest,2021,8,30.4,42.8,248.0,816.0
2021-09-01,Waals Gewest,2021,9,44.9,42.9,466.0,1039.0
2021-10-01,Waals Gewest,2021,10,40.7,42.7,348.0,856.0
2021-11-01,Waals Gewest,2021,11,41.4,42.3,490.0,1184.0
2021-12-01,Waals Gewest,2021,12,50.9,42.6,573.0,1125.0
2022-01-01,Waals Gewest,2022,1,33.1,42.4,258.0,780.0
2022-02-01,Waals Gewest,2022,2,33.2,41.8,266.0,802.0
2022-03-01,Waals Gewest,2022,3,34.5,41.1,368.0,1068.0
2022-04-01,Waals Gewest,2022,4,30.9,40.2,263.0,852.0
2022-05-01,Waals Gewest,2022,5,45.4,40.2,534.0,1176.0
2022-06-01,Waals Gewest,2022,6,38.2,39.8,308.0,807.0
2022-07-01,Waals Gewest,2022,7,32.1,38.0,230.0,716.0
2022-08-01,Waals Gewest,2022,8,32.4,38.1,297.0,916.0
2022-09-01,Waals Gewest,2022,9,45.0,38.1,411.0,913.0
2022-10-01,Waals Gewest,2022,10,47.6,38.7,459.0,965.0
2022-11-01,Waals Gewest,2022,11,35.4,38.2,272.0,768.0
2022-12-01,Waals Gewest,2022,12,56.7,38.7,536.0,945.0
2023-01-01,Waals Gewest,2023,1,42.9,39.5,476.0,1110.0
2023-02-01,Waals Gewest,2023,2,49.4,40.9,400.0,809.0
2023-03-01,Waals Gewest,2023,3,40.8,41.4,395.0,969.0
2023-04-01,Waals Gewest,2023,4,41.5,42.3,299.0,720.0
2023-05-01,Waals Gewest,2023,5,56.5,43.2,591.0,1046.0
2023-06-01,Waals Gewest,2023,6,43.1,43.6,366.0,849.0
2023-07-01,Waals Gewest,2023,7,49.6,45.1,446.0,900.0
2023-08-01,Waals Gewest,2023,8,29.1,44.8,203.0,697.0
2023-09-01,Waals Gewest,2023,9,48.6,45.1,389.0,800.0
2023-10-01,Waals Gewest,2023,10,46.1,45.0,419.0,909.0
2023-11-01,Waals Gewest,2023,11,38.6,45.2,287.0,743.0
2023-12-01,Waals Gewest,2023,12,49.6,44.7,392.0,790.0
2024-01-01,Waals Gewest,2024,1,52.3,45.4,498.0,953.0
2024-02-01,Waals Gewest,2024,2,70.2,47.2,929.0,1324.0
2024-03-01,Waals Gewest,2024,3,50.4,48.0,389.0,772.0
2024-04-01,Waals Gewest,2024,4,54.1,49.0,455.0,841.0
2024-05-01,Waals Gewest,2024,5,43.5,47.9,317.0,729.0
2024-06-01,Waals Gewest,2024,6,50.6,48.6,437.0,864.0
2024-07-01,Waals Gewest,2024,7,52.0,48.8,496.0,953.0
2024-08-01,Waals Gewest,2024,8,45.8,50.1,379.0,828.0
2024-09-01,Waals Gewest,2024,9,46.6,50.0,341.0,732.0
2024-10-01,Waals Gewest,2024,10,41.9,49.6,292.0,697.0
2024-11-01,Waals Gewest,2024,11,47.1,50.3,385.0,817.0
2024-12-01,Waals Gewest,2024,12,46.8,50.1,298.0,637.0
2025-01-01,Waals Gewest,2025,1,39.5,49.0,275.0,697.0
2025-02-01,Waals Gewest,2025,2,41.3,46.6,229.0,555.0
2025-03-01,Waals Gewest,2025,3,39.8,45.8,229.0,575.0
2025-04-01,Waals Gewest,2025,4,54.1,45.8,437.0,808.0
2025-05-01,Waals Gewest,2025,5,40.4,45.5,209.0,517.0
1996-01-01,Brussels Hoofdstedelijk Gewest,1996,1,88.1,88.1,96.0,109.0
1996-02-01,Brussels Hoofdstedelijk Gewest,1996,2,83.3,85.7,15.0,18.0
1996-03-01,Brussels Hoofdstedelijk Gewest,1996,3,86.2,85.9,100.0,116.0
1996-04-01,Brussels Hoofdstedelijk Gewest,1996,4,88.0,86.4,88.0,100.0
1996-05-01,Brussels Hoofdstedelijk Gewest,1996,5,97.4,88.6,294.0,302.0
1996-06-01,Brussels Hoofdstedelijk Gewest,1996,6,88.8,88.6,158.0,178.0
1996-07-01,Brussels Hoofdstedelijk Gewest,1996,7,57.5,84.2,23.0,40.0
1996-08-01,Brussels Hoofdstedelijk Gewest,1996,8,92.2,85.2,119.0,129.0
1996-09-01,Brussels Hoofdstedelijk Gewest,1996,9,87.6,85.5,78.0,89.0
1996-10-01,Brussels Hoofdstedelijk Gewest,1996,10,80.0,84.9,60.0,75.0
1996-11-01,Brussels Hoofdstedelijk Gewest,1996,11,83.6,84.8,46.0,55.0
1996-12-01,Brussels Hoofdstedelijk Gewest,1996,12,93.9,85.5,154.0,164.0
1997-01-01,Brussels Hoofdstedelijk Gewest,1997,1,35.4,81.2,23.0,65.0
1997-02-01,Brussels Hoofdstedelijk Gewest,1997,2,91.1,81.8,113.0,124.0
1997-03-01,Brussels Hoofdstedelijk Gewest,1997,3,94.7,82.5,341.0,360.0
1997-04-01,Brussels Hoofdstedelijk Gewest,1997,4,76.4,81.5,42.0,55.0
1997-05-01,Brussels Hoofdstedelijk Gewest,1997,5,82.6,80.3,38.0,46.0
1997-06-01,Brussels Hoofdstedelijk Gewest,1997,6,81.6,79.7,133.0,163.0
1997-07-01,Brussels Hoofdstedelijk Gewest,1997,7,90.1,82.4,136.0,151.0
1997-08-01,Brussels Hoofdstedelijk Gewest,1997,8,95.2,82.7,381.0,400.0
1997-09-01,Brussels Hoofdstedelijk Gewest,1997,9,87.2,82.6,102.0,117.0
1997-10-01,Brussels Hoofdstedelijk Gewest,1997,10,95.5,83.9,210.0,220.0
1997-11-01,Brussels Hoofdstedelijk Gewest,1997,11,76.2,83.3,48.0,63.0
1997-12-01,Brussels Hoofdstedelijk Gewest,1997,12,77.5,82.0,100.0,129.0
1998-01-01,Brussels Hoofdstedelijk Gewest,1998,1,95.0,86.9,133.0,140.0
1998-02-01,Brussels Hoofdstedelijk Gewest,1998,2,61.8,84.5,21.0,34.0
1998-03-01,Brussels Hoofdstedelijk Gewest,1998,3,92.3,84.3,143.0,155.0
1998-04-01,Brussels Hoofdstedelijk Gewest,1998,4,93.6,85.7,102.0,109.0
1998-05-01,Brussels Hoofdstedelijk Gewest,1998,5,94.1,86.7,127.0,135.0
1998-06-01,Brussels Hoofdstedelijk Gewest,1998,6,93.4,87.7,183.0,196.0
1998-07-01,Brussels Hoofdstedelijk Gewest,1998,7,97.2,88.2,210.0,216.0
1998-08-01,Brussels Hoofdstedelijk Gewest,1998,8,86.7,87.5,98.0,113.0
1998-09-01,Brussels Hoofdstedelijk Gewest,1998,9,94.6,88.2,229.0,242.0
1998-10-01,Brussels Hoofdstedelijk Gewest,1998,10,83.8,87.2,67.0,80.0
1998-11-01,Brussels Hoofdstedelijk Gewest,1998,11,93.8,88.6,61.0,65.0
1998-12-01,Brussels Hoofdstedelijk Gewest,1998,12,87.9,89.5,29.0,33.0
1999-01-01,Brussels Hoofdstedelijk Gewest,1999,1,88.9,89.0,120.0,135.0
1999-02-01,Brussels Hoofdstedelijk Gewest,1999,2,80.0,90.5,20.0,25.0
1999-03-01,Brussels Hoofdstedelijk Gewest,1999,3,78.2,89.4,229.0,293.0
1999-04-01,Brussels Hoofdstedelijk Gewest,1999,4,91.0,89.1,191.0,210.0
1999-05-01,Brussels Hoofdstedelijk Gewest,1999,5,94.3,89.1,230.0,244.0
1999-06-01,Brussels Hoofdstedelijk Gewest,1999,6,97.8,89.5,401.0,410.0
1999-07-01,Brussels Hoofdstedelijk Gewest,1999,7,96.1,89.4,222.0,231.0
1999-08-01,Brussels Hoofdstedelijk Gewest,1999,8,97.2,90.3,247.0,254.0
1999-09-01,Brussels Hoofdstedelijk Gewest,1999,9,94.9,90.3,300.0,316.0
1999-10-01,Brussels Hoofdstedelijk Gewest,1999,10,90.7,90.9,137.0,151.0
1999-11-01,Brussels Hoofdstedelijk Gewest,1999,11,91.3,90.7,137.0,150.0
1999-12-01,Brussels Hoofdstedelijk Gewest,1999,12,92.9,91.1,158.0,170.0
2000-01-01,Brussels Hoofdstedelijk Gewest,2000,1,96.7,91.8,266.0,275.0
2000-02-01,Brussels Hoofdstedelijk Gewest,2000,2,90.2,92.6,120.0,133.0
2000-03-01,Brussels Hoofdstedelijk Gewest,2000,3,96.2,94.1,305.0,317.0
2000-04-01,Brussels Hoofdstedelijk Gewest,2000,4,98.4,94.7,316.0,321.0
2000-05-01,Brussels Hoofdstedelijk Gewest,2000,5,93.4,94.6,268.0,287.0
2000-06-01,Brussels Hoofdstedelijk Gewest,2000,6,88.4,93.9,99.0,112.0
2000-07-01,Brussels Hoofdstedelijk Gewest,2000,7,81.0,92.6,47.0,58.0
2000-08-01,Brussels Hoofdstedelijk Gewest,2000,8,95.6,92.5,348.0,364.0
2000-09-01,Brussels Hoofdstedelijk Gewest,2000,9,91.7,92.2,176.0,192.0
2000-10-01,Brussels Hoofdstedelijk Gewest,2000,10,83.8,91.6,93.0,111.0
2000-11-01,Brussels Hoofdstedelijk Gewest,2000,11,56.0,88.7,28.0,50.0
2000-12-01,Brussels Hoofdstedelijk Gewest,2000,12,90.5,88.5,86.0,95.0
2001-01-01,Brussels Hoofdstedelijk Gewest,2001,1,93.4,88.2,226.0,242.0
2001-02-01,Brussels Hoofdstedelijk Gewest,2001,2,90.9,88.3,130.0,143.0
2001-03-01,Brussels Hoofdstedelijk Gewest,2001,3,83.6,87.2,102.0,122.0
2001-04-01,Brussels Hoofdstedelijk Gewest,2001,4,85.0,86.1,125.0,147.0
2001-05-01,Brussels Hoofdstedelijk Gewest,2001,5,81.5,85.1,145.0,178.0
2001-06-01,Brussels Hoofdstedelijk Gewest,2001,6,91.0,85.3,183.0,201.0
2001-07-01,Brussels Hoofdstedelijk Gewest,2001,7,93.9,86.4,124.0,132.0
2001-08-01,Brussels Hoofdstedelijk Gewest,2001,8,88.0,85.8,322.0,366.0
2001-09-01,Brussels Hoofdstedelijk Gewest,2001,9,91.8,85.8,146.0,159.0
2001-10-01,Brussels Hoofdstedelijk Gewest,2001,10,83.1,85.7,49.0,59.0
2001-11-01,Brussels Hoofdstedelijk Gewest,2001,11,97.9,89.2,140.0,143.0
2001-12-01,Brussels Hoofdstedelijk Gewest,2001,12,91.5,89.3,162.0,177.0
2002-01-01,Brussels Hoofdstedelijk Gewest,2002,1,91.0,89.1,81.0,89.0
2002-02-01,Brussels Hoofdstedelijk Gewest,2002,2,97.0,89.6,227.0,234.0
2002-03-01,Brussels Hoofdstedelijk Gewest,2002,3,73.5,88.8,25.0,34.0
2002-04-01,Brussels Hoofdstedelijk Gewest,2002,4,99.0,89.9,393.0,397.0
2002-05-01,Brussels Hoofdstedelijk Gewest,2002,5,93.1,90.9,67.0,72.0
2002-06-01,Brussels Hoofdstedelijk Gewest,2002,6,75.9,89.6,123.0,162.0
2002-07-01,Brussels Hoofdstedelijk Gewest,2002,7,94.4,89.7,236.0,250.0
2002-08-01,Brussels Hoofdstedelijk Gewest,2002,8,96.0,90.4,120.0,125.0
2002-09-01,Brussels Hoofdstedelijk Gewest,2002,9,91.2,90.3,125.0,137.0
2002-10-01,Brussels Hoofdstedelijk Gewest,2002,10,79.4,90.0,50.0,63.0
2002-11-01,Brussels Hoofdstedelijk Gewest,2002,11,87.8,89.1,216.0,246.0
2002-12-01,Brussels Hoofdstedelijk Gewest,2002,12,95.6,89.5,285.0,298.0
2003-01-01,Brussels Hoofdstedelijk Gewest,2003,1,96.5,90.0,279.0,289.0
2003-02-01,Brussels Hoofdstedelijk Gewest,2003,2,81.4,88.6,215.0,264.0
2003-03-01,Brussels Hoofdstedelijk Gewest,2003,3,80.4,89.2,119.0,148.0
2003-04-01,Brussels Hoofdstedelijk Gewest,2003,4,92.0,88.6,393.0,427.0
2003-05-01,Brussels Hoofdstedelijk Gewest,2003,5,80.5,87.6,66.0,82.0
2003-06-01,Brussels Hoofdstedelijk Gewest,2003,6,97.3,89.4,366.0,376.0
2003-07-01,Brussels Hoofdstedelijk Gewest,2003,7,84.0,88.5,163.0,194.0
2003-08-01,Brussels Hoofdstedelijk Gewest,2003,8,92.9,88.2,143.0,154.0
2003-09-01,Brussels Hoofdstedelijk Gewest,2003,9,85.0,87.7,136.0,160.0
2003-10-01,Brussels Hoofdstedelijk Gewest,2003,10,93.4,88.9,338.0,362.0
2003-11-01,Brussels Hoofdstedelijk Gewest,2003,11,92.5,89.3,184.0,199.0
2003-12-01,Brussels Hoofdstedelijk Gewest,2003,12,85.1,88.4,74.0,87.0
2004-01-01,Brussels Hoofdstedelijk Gewest,2004,1,88.4,87.7,260.0,294.0
2004-02-01,Brussels Hoofdstedelijk Gewest,2004,2,97.6,89.1,288.0,295.0
2004-03-01,Brussels Hoofdstedelijk Gewest,2004,3,93.7,90.2,358.0,382.0
2004-04-01,Brussels Hoofdstedelijk Gewest,2004,4,86.7,89.8,183.0,211.0
2004-05-01,Brussels Hoofdstedelijk Gewest,2004,5,84.4,90.1,103.0,122.0
2004-06-01,Brussels Hoofdstedelijk Gewest,2004,6,77.8,88.5,207.0,266.0
2004-07-01,Brussels Hoofdstedelijk Gewest,2004,7,86.5,88.7,173.0,200.0
2004-08-01,Brussels Hoofdstedelijk Gewest,2004,8,83.1,87.9,108.0,130.0
2004-09-01,Brussels Hoofdstedelijk Gewest,2004,9,97.2,88.9,137.0,141.0
2004-10-01,Brussels Hoofdstedelijk Gewest,2004,10,94.5,89.0,154.0,163.0
2004-11-01,Brussels Hoofdstedelijk Gewest,2004,11,99.1,89.5,428.0,432.0
2004-12-01,Brussels Hoofdstedelijk Gewest,2004,12,96.2,90.4,200.0,208.0
2005-01-01,Brussels Hoofdstedelijk Gewest,2005,1,96.5,91.1,359.0,372.0
2005-02-01,Brussels Hoofdstedelijk Gewest,2005,2,83.3,89.9,155.0,186.0
2005-03-01,Brussels Hoofdstedelijk Gewest,2005,3,85.0,89.2,227.0,267.0
2005-04-01,Brussels Hoofdstedelijk Gewest,2005,4,97.5,90.1,465.0,477.0
2005-05-01,Brussels Hoofdstedelijk Gewest,2005,5,96.2,91.1,275.0,286.0
2005-06-01,Brussels Hoofdstedelijk Gewest,2005,6,96.6,92.6,281.0,291.0
2005-07-01,Brussels Hoofdstedelijk Gewest,2005,7,96.0,93.4,192.0,200.0
2005-08-01,Brussels Hoofdstedelijk Gewest,2005,8,90.8,94.1,157.0,173.0
2005-09-01,Brussels Hoofdstedelijk Gewest,2005,9,97.9,94.1,329.0,336.0
2005-10-01,Brussels Hoofdstedelijk Gewest,2005,10,87.0,93.5,87.0,100.0
2005-11-01,Brussels Hoofdstedelijk Gewest,2005,11,97.6,93.4,161.0,165.0
2005-12-01,Brussels Hoofdstedelijk Gewest,2005,12,96.9,93.4,155.0,160.0
2006-01-01,Brussels Hoofdstedelijk Gewest,2006,1,96.7,93.5,205.0,212.0
2006-02-01,Brussels Hoofdstedelijk Gewest,2006,2,95.5,94.5,147.0,154.0
2006-03-01,Brussels Hoofdstedelijk Gewest,2006,3,93.2,95.2,109.0,117.0
2006-04-01,Brussels Hoofdstedelijk Gewest,2006,4,96.1,95.0,221.0,230.0
2006-05-01,Brussels Hoofdstedelijk Gewest,2006,5,88.8,94.4,166.0,187.0
2006-06-01,Brussels Hoofdstedelijk Gewest,2006,6,95.7,94.4,243.0,254.0
2006-07-01,Brussels Hoofdstedelijk Gewest,2006,7,97.6,94.5,371.0,380.0
2006-08-01,Brussels Hoofdstedelijk Gewest,2006,8,92.0,94.6,185.0,201.0
2006-09-01,Brussels Hoofdstedelijk Gewest,2006,9,97.6,94.6,527.0,540.0
2006-10-01,Brussels Hoofdstedelijk Gewest,2006,10,98.8,95.5,557.0,564.0
2006-11-01,Brussels Hoofdstedelijk Gewest,2006,11,96.2,95.4,350.0,364.0
2006-12-01,Brussels Hoofdstedelijk Gewest,2006,12,98.7,95.6,448.0,454.0
2007-01-01,Brussels Hoofdstedelijk Gewest,2007,1,95.8,95.5,228.0,238.0
2007-02-01,Brussels Hoofdstedelijk Gewest,2007,2,82.7,94.4,91.0,110.0
2007-03-01,Brussels Hoofdstedelijk Gewest,2007,3,97.1,94.8,133.0,137.0
2007-04-01,Brussels Hoofdstedelijk Gewest,2007,4,88.7,94.1,47.0,53.0
2007-05-01,Brussels Hoofdstedelijk Gewest,2007,5,95.7,94.7,154.0,161.0
2007-06-01,Brussels Hoofdstedelijk Gewest,2007,6,96.0,94.7,217.0,226.0
2007-07-01,Brussels Hoofdstedelijk Gewest,2007,7,95.8,94.6,161.0,168.0
2007-08-01,Brussels Hoofdstedelijk Gewest,2007,8,97.2,95.0,138.0,142.0
2007-09-01,Brussels Hoofdstedelijk Gewest,2007,9,97.6,95.0,323.0,331.0
2007-10-01,Brussels Hoofdstedelijk Gewest,2007,10,98.9,95.0,518.0,524.0
2007-11-01,Brussels Hoofdstedelijk Gewest,2007,11,98.4,95.2,244.0,248.0
2007-12-01,Brussels Hoofdstedelijk Gewest,2007,12,97.7,95.1,213.0,218.0
2008-01-01,Brussels Hoofdstedelijk Gewest,2008,1,93.2,94.9,247.0,265.0
2008-02-01,Brussels Hoofdstedelijk Gewest,2008,2,95.4,96.0,206.0,216.0
2008-03-01,Brussels Hoofdstedelijk Gewest,2008,3,91.8,95.5,168.0,183.0
2008-04-01,Brussels Hoofdstedelijk Gewest,2008,4,75.0,94.4,36.0,48.0
2008-05-01,Brussels Hoofdstedelijk Gewest,2008,5,91.3,94.0,115.0,126.0
2008-06-01,Brussels Hoofdstedelijk Gewest,2008,6,91.3,93.6,252.0,276.0
2008-07-01,Brussels Hoofdstedelijk Gewest,2008,7,90.8,93.2,227.0,250.0
2008-08-01,Brussels Hoofdstedelijk Gewest,2008,8,84.6,92.2,126.0,149.0
2008-09-01,Brussels Hoofdstedelijk Gewest,2008,9,97.3,92.1,177.0,182.0
2008-10-01,Brussels Hoofdstedelijk Gewest,2008,10,92.9,91.6,130.0,140.0
2008-11-01,Brussels Hoofdstedelijk Gewest,2008,11,97.4,91.6,223.0,229.0
2008-12-01,Brussels Hoofdstedelijk Gewest,2008,12,98.9,91.7,743.0,751.0
2009-01-01,Brussels Hoofdstedelijk Gewest,2009,1,57.8,88.7,26.0,45.0
2009-02-01,Brussels Hoofdstedelijk Gewest,2009,2,98.3,89.0,232.0,236.0
2009-03-01,Brussels Hoofdstedelijk Gewest,2009,3,93.3,89.1,154.0,165.0
2009-04-01,Brussels Hoofdstedelijk Gewest,2009,4,99.0,91.1,413.0,417.0
2009-05-01,Brussels Hoofdstedelijk Gewest,2009,5,97.0,91.5,358.0,369.0
2009-06-01,Brussels Hoofdstedelijk Gewest,2009,6,92.8,91.7,181.0,195.0
2009-07-01,Brussels Hoofdstedelijk Gewest,2009,7,94.5,92.0,189.0,200.0
2009-08-01,Brussels Hoofdstedelijk Gewest,2009,8,99.1,93.2,523.0,528.0
2009-09-01,Brussels Hoofdstedelijk Gewest,2009,9,93.8,92.9,303.0,323.0
2009-10-01,Brussels Hoofdstedelijk Gewest,2009,10,72.4,91.2,21.0,29.0
2009-11-01,Brussels Hoofdstedelijk Gewest,2009,11,85.7,90.2,54.0,63.0
2009-12-01,Brussels Hoofdstedelijk Gewest,2009,12,72.2,88.0,26.0,36.0
2010-01-01,Brussels Hoofdstedelijk Gewest,2010,1,91.8,90.8,67.0,73.0
2010-02-01,Brussels Hoofdstedelijk Gewest,2010,2,94.1,90.5,159.0,169.0
2010-03-01,Brussels Hoofdstedelijk Gewest,2010,3,96.9,90.8,315.0,325.0
2010-04-01,Brussels Hoofdstedelijk Gewest,2010,4,95.8,90.5,252.0,263.0
2010-05-01,Brussels Hoofdstedelijk Gewest,2010,5,93.7,90.2,89.0,95.0
2010-06-01,Brussels Hoofdstedelijk Gewest,2010,6,90.8,90.1,157.0,173.0
2010-07-01,Brussels Hoofdstedelijk Gewest,2010,7,96.7,90.2,234.0,242.0
2010-08-01,Brussels Hoofdstedelijk Gewest,2010,8,86.2,89.2,25.0,29.0
2010-09-01,Brussels Hoofdstedelijk Gewest,2010,9,96.9,89.4,572.0,590.0
2010-10-01,Brussels Hoofdstedelijk Gewest,2010,10,96.1,91.4,394.0,410.0
2010-11-01,Brussels Hoofdstedelijk Gewest,2010,11,91.2,91.9,125.0,137.0
2010-12-01,Brussels Hoofdstedelijk Gewest,2010,12,96.1,93.9,149.0,155.0
2011-01-01,Brussels Hoofdstedelijk Gewest,2011,1,87.0,93.5,47.0,54.0
2011-02-01,Brussels Hoofdstedelijk Gewest,2011,2,92.2,93.3,94.0,102.0
2011-03-01,Brussels Hoofdstedelijk Gewest,2011,3,91.4,92.8,74.0,81.0
2011-04-01,Brussels Hoofdstedelijk Gewest,2011,4,90.6,92.4,87.0,96.0
2011-05-01,Brussels Hoofdstedelijk Gewest,2011,5,97.8,92.8,352.0,360.0
2011-06-01,Brussels Hoofdstedelijk Gewest,2011,6,98.0,93.4,198.0,202.0
2011-07-01,Brussels Hoofdstedelijk Gewest,2011,7,98.9,93.5,182.0,184.0
2011-08-01,Brussels Hoofdstedelijk Gewest,2011,8,96.6,94.4,143.0,148.0
2011-09-01,Brussels Hoofdstedelijk Gewest,2011,9,95.5,94.3,300.0,314.0
2011-10-01,Brussels Hoofdstedelijk Gewest,2011,10,77.8,92.8,21.0,27.0
2011-11-01,Brussels Hoofdstedelijk Gewest,2011,11,96.4,93.2,348.0,361.0
2011-12-01,Brussels Hoofdstedelijk Gewest,2011,12,99.6,93.5,238.0,239.0
2012-01-01,Brussels Hoofdstedelijk Gewest,2012,1,87.7,93.5,100.0,114.0
2012-02-01,Brussels Hoofdstedelijk Gewest,2012,2,70.0,91.7,28.0,40.0
2012-03-01,Brussels Hoofdstedelijk Gewest,2012,3,93.6,91.9,102.0,109.0
2012-04-01,Brussels Hoofdstedelijk Gewest,2012,4,96.0,92.3,216.0,225.0
2012-05-01,Brussels Hoofdstedelijk Gewest,2012,5,94.5,92.0,120.0,127.0
2012-06-01,Brussels Hoofdstedelijk Gewest,2012,6,94.4,91.8,136.0,144.0
2012-07-01,Brussels Hoofdstedelijk Gewest,2012,7,84.7,90.6,72.0,85.0
2012-08-01,Brussels Hoofdstedelijk Gewest,2012,8,81.1,89.3,30.0,37.0
2012-09-01,Brussels Hoofdstedelijk Gewest,2012,9,96.3,89.3,129.0,134.0
2012-10-01,Brussels Hoofdstedelijk Gewest,2012,10,97.1,91.0,135.0,139.0
2012-11-01,Brussels Hoofdstedelijk Gewest,2012,11,89.1,90.3,49.0,55.0
2012-12-01,Brussels Hoofdstedelijk Gewest,2012,12,78.9,88.6,97.0,123.0
2013-01-01,Brussels Hoofdstedelijk Gewest,2013,1,92.3,89.0,169.0,183.0
2013-02-01,Brussels Hoofdstedelijk Gewest,2013,2,99.1,91.4,325.0,328.0
2013-03-01,Brussels Hoofdstedelijk Gewest,2013,3,84.5,90.7,60.0,71.0
2013-04-01,Brussels Hoofdstedelijk Gewest,2013,4,91.4,90.3,74.0,81.0
2013-05-01,Brussels Hoofdstedelijk Gewest,2013,5,99.0,90.7,506.0,511.0
2013-06-01,Brussels Hoofdstedelijk Gewest,2013,6,88.5,90.2,138.0,156.0
2013-07-01,Brussels Hoofdstedelijk Gewest,2013,7,84.6,90.2,110.0,130.0
2013-08-01,Brussels Hoofdstedelijk Gewest,2013,8,72.0,89.4,18.0,25.0
2013-09-01,Brussels Hoofdstedelijk Gewest,2013,9,90.7,88.9,136.0,150.0
2013-10-01,Brussels Hoofdstedelijk Gewest,2013,10,97.9,89.0,279.0,285.0
2013-11-01,Brussels Hoofdstedelijk Gewest,2013,11,84.6,88.6,22.0,26.0
2013-12-01,Brussels Hoofdstedelijk Gewest,2013,12,96.4,90.1,480.0,498.0
2014-01-01,Brussels Hoofdstedelijk Gewest,2014,1,84.7,89.5,183.0,216.0
2014-02-01,Brussels Hoofdstedelijk Gewest,2014,2,83.6,88.2,56.0,67.0
2014-03-01,Brussels Hoofdstedelijk Gewest,2014,3,88.6,88.5,93.0,105.0
2014-04-01,Brussels Hoofdstedelijk Gewest,2014,4,96.8,89.0,451.0,466.0
2014-05-01,Brussels Hoofdstedelijk Gewest,2014,5,92.1,88.4,116.0,126.0
2014-06-01,Brussels Hoofdstedelijk Gewest,2014,6,97.2,89.1,246.0,253.0
2014-07-01,Brussels Hoofdstedelijk Gewest,2014,7,98.5,90.3,803.0,815.0
2014-08-01,Brussels Hoofdstedelijk Gewest,2014,8,85.7,91.4,48.0,56.0
2014-09-01,Brussels Hoofdstedelijk Gewest,2014,9,93.9,91.7,108.0,115.0
2014-10-01,Brussels Hoofdstedelijk Gewest,2014,10,94.5,91.4,69.0,73.0
2014-11-01,Brussels Hoofdstedelijk Gewest,2014,11,97.0,92.4,131.0,135.0
2014-12-01,Brussels Hoofdstedelijk Gewest,2014,12,96.9,92.5,186.0,192.0
2015-01-01,Brussels Hoofdstedelijk Gewest,2015,1,62.5,90.6,20.0,32.0
2015-02-01,Brussels Hoofdstedelijk Gewest,2015,2,90.2,91.2,46.0,51.0
2015-03-01,Brussels Hoofdstedelijk Gewest,2015,3,79.7,90.4,55.0,69.0
2015-04-01,Brussels Hoofdstedelijk Gewest,2015,4,95.2,90.3,140.0,147.0
2015-05-01,Brussels Hoofdstedelijk Gewest,2015,5,95.1,90.5,77.0,81.0
2015-06-01,Brussels Hoofdstedelijk Gewest,2015,6,98.3,90.6,506.0,515.0
2015-07-01,Brussels Hoofdstedelijk Gewest,2015,7,89.7,89.9,131.0,146.0
2015-08-01,Brussels Hoofdstedelijk Gewest,2015,8,89.0,90.2,121.0,136.0
2015-09-01,Brussels Hoofdstedelijk Gewest,2015,9,95.4,90.3,166.0,174.0
2015-10-01,Brussels Hoofdstedelijk Gewest,2015,10,34.6,85.3,9.0,26.0
2015-11-01,Brussels Hoofdstedelijk Gewest,2015,11,97.2,85.3,138.0,142.0
2015-12-01,Brussels Hoofdstedelijk Gewest,2015,12,96.9,85.3,62.0,64.0
2016-01-01,Brussels Hoofdstedelijk Gewest,2016,1,82.4,87.0,56.0,68.0
2016-02-01,Brussels Hoofdstedelijk Gewest,2016,2,65.1,84.9,28.0,43.0
2016-03-01,Brussels Hoofdstedelijk Gewest,2016,3,95.0,86.2,323.0,340.0
2016-04-01,Brussels Hoofdstedelijk Gewest,2016,4,90.0,85.7,72.0,80.0
2016-05-01,Brussels Hoofdstedelijk Gewest,2016,5,81.8,84.6,36.0,44.0
2016-06-01,Brussels Hoofdstedelijk Gewest,2016,6,81.2,83.2,39.0,48.0
2016-07-01,Brussels Hoofdstedelijk Gewest,2016,7,90.0,83.2,108.0,120.0
2016-08-01,Brussels Hoofdstedelijk Gewest,2016,8,97.6,83.9,80.0,82.0
2016-09-01,Brussels Hoofdstedelijk Gewest,2016,9,84.0,83.0,21.0,25.0
2016-10-01,Brussels Hoofdstedelijk Gewest,2016,10,91.0,87.7,101.0,111.0
2016-11-01,Brussels Hoofdstedelijk Gewest,2016,11,95.2,87.5,100.0,105.0
2016-12-01,Brussels Hoofdstedelijk Gewest,2016,12,82.0,86.3,41.0,50.0
2017-01-01,Brussels Hoofdstedelijk Gewest,2017,1,96.5,87.4,355.0,368.0
2017-02-01,Brussels Hoofdstedelijk Gewest,2017,2,96.3,90.0,234.0,243.0
2017-03-01,Brussels Hoofdstedelijk Gewest,2017,3,98.3,90.3,346.0,352.0
2017-04-01,Brussels Hoofdstedelijk Gewest,2017,4,64.3,88.2,9.0,14.0
2017-05-01,Brussels Hoofdstedelijk Gewest,2017,5,89.8,88.9,44.0,49.0
2017-06-01,Brussels Hoofdstedelijk Gewest,2017,6,81.0,88.8,51.0,63.0
2017-07-01,Brussels Hoofdstedelijk Gewest,2017,7,85.7,88.5,60.0,70.0
2017-08-01,Brussels Hoofdstedelijk Gewest,2017,8,96.7,88.4,59.0,61.0
2017-09-01,Brussels Hoofdstedelijk Gewest,2017,9,96.6,89.5,115.0,119.0
2017-10-01,Brussels Hoofdstedelijk Gewest,2017,10,92.2,89.5,95.0,103.0
2017-11-01,Brussels Hoofdstedelijk Gewest,2017,11,88.6,89.0,194.0,219.0
2017-12-01,Brussels Hoofdstedelijk Gewest,2017,12,95.6,90.1,151.0,158.0
2018-01-01,Brussels Hoofdstedelijk Gewest,2018,1,86.7,89.3,52.0,60.0
2018-02-01,Brussels Hoofdstedelijk Gewest,2018,2,97.6,89.4,243.0,249.0
2018-03-01,Brussels Hoofdstedelijk Gewest,2018,3,97.8,89.4,175.0,179.0
2018-04-01,Brussels Hoofdstedelijk Gewest,2018,4,96.2,92.0,126.0,131.0
2018-05-01,Brussels Hoofdstedelijk Gewest,2018,5,97.7,92.7,84.0,86.0
2018-06-01,Brussels Hoofdstedelijk Gewest,2018,6,98.2,94.1,222.0,226.0
2018-07-01,Brussels Hoofdstedelijk Gewest,2018,7,92.9,94.7,91.0,98.0
2018-08-01,Brussels Hoofdstedelijk Gewest,2018,8,89.2,94.1,33.0,37.0
2018-09-01,Brussels Hoofdstedelijk Gewest,2018,9,96.8,94.1,120.0,124.0
2018-10-01,Brussels Hoofdstedelijk Gewest,2018,10,81.1,93.2,30.0,37.0
2018-11-01,Brussels Hoofdstedelijk Gewest,2018,11,94.5,93.7,121.0,128.0
2018-12-01,Brussels Hoofdstedelijk Gewest,2018,12,95.4,93.7,124.0,130.0
2019-01-01,Brussels Hoofdstedelijk Gewest,2019,1,96.3,94.5,208.0,216.0
2019-02-01,Brussels Hoofdstedelijk Gewest,2019,2,94.9,94.2,112.0,118.0
2019-03-01,Brussels Hoofdstedelijk Gewest,2019,3,86.6,93.3,58.0,67.0
2019-04-01,Brussels Hoofdstedelijk Gewest,2019,4,98.4,93.5,908.0,923.0
2019-05-01,Brussels Hoofdstedelijk Gewest,2019,5,55.6,90.0,5.0,9.0
2019-06-01,Brussels Hoofdstedelijk Gewest,2019,6,89.5,89.3,85.0,95.0
2019-07-01,Brussels Hoofdstedelijk Gewest,2019,7,93.9,89.4,93.0,99.0
2019-08-01,Brussels Hoofdstedelijk Gewest,2019,8,98.0,90.1,393.0,401.0
2019-09-01,Brussels Hoofdstedelijk Gewest,2019,9,99.1,90.3,345.0,348.0
2019-10-01,Brussels Hoofdstedelijk Gewest,2019,10,98.4,91.7,607.0,617.0
2019-11-01,Brussels Hoofdstedelijk Gewest,2019,11,97.6,92.0,249.0,255.0
2019-12-01,Brussels Hoofdstedelijk Gewest,2019,12,94.6,91.9,87.0,92.0
2020-01-01,Brussels Hoofdstedelijk Gewest,2020,1,90.3,91.4,65.0,72.0
2020-02-01,Brussels Hoofdstedelijk Gewest,2020,2,96.2,91.5,128.0,133.0
2020-03-01,Brussels Hoofdstedelijk Gewest,2020,3,89.9,91.8,330.0,367.0
2020-04-01,Brussels Hoofdstedelijk Gewest,2020,4,93.6,91.4,294.0,314.0
2020-05-01,Brussels Hoofdstedelijk Gewest,2020,5,93.2,94.5,68.0,73.0
2020-06-01,Brussels Hoofdstedelijk Gewest,2020,6,96.9,95.1,186.0,192.0
2020-07-01,Brussels Hoofdstedelijk Gewest,2020,7,94.4,95.2,118.0,125.0
2020-08-01,Brussels Hoofdstedelijk Gewest,2020,8,99.3,95.3,149.0,150.0
2020-09-01,Brussels Hoofdstedelijk Gewest,2020,9,72.1,93.0,31.0,43.0
2020-10-01,Brussels Hoofdstedelijk Gewest,2020,10,97.8,93.0,266.0,272.0
2020-11-01,Brussels Hoofdstedelijk Gewest,2020,11,94.0,92.7,47.0,50.0
2020-12-01,Brussels Hoofdstedelijk Gewest,2020,12,97.0,92.9,263.0,271.0
2021-01-01,Brussels Hoofdstedelijk Gewest,2021,1,99.3,93.6,596.0,600.0
2021-02-01,Brussels Hoofdstedelijk Gewest,2021,2,95.8,93.6,115.0,120.0
2021-03-01,Brussels Hoofdstedelijk Gewest,2021,3,96.8,94.2,418.0,432.0
2021-04-01,Brussels Hoofdstedelijk Gewest,2021,4,96.6,94.4,172.0,178.0
2021-05-01,Brussels Hoofdstedelijk Gewest,2021,5,97.3,94.8,364.0,374.0
2021-06-01,Brussels Hoofdstedelijk Gewest,2021,6,99.4,95.0,831.0,836.0
2021-07-01,Brussels Hoofdstedelijk Gewest,2021,7,98.1,95.3,870.0,887.0
2021-08-01,Brussels Hoofdstedelijk Gewest,2021,8,91.9,94.7,68.0,74.0
2021-09-01,Brussels Hoofdstedelijk Gewest,2021,9,85.7,95.8,30.0,35.0
2021-10-01,Brussels Hoofdstedelijk Gewest,2021,10,98.9,95.9,545.0,551.0
2021-11-01,Brussels Hoofdstedelijk Gewest,2021,11,98.4,96.3,180.0,183.0
2021-12-01,Brussels Hoofdstedelijk Gewest,2021,12,98.1,96.4,682.0,695.0
2022-01-01,Brussels Hoofdstedelijk Gewest,2022,1,86.5,95.3,211.0,244.0
2022-02-01,Brussels Hoofdstedelijk Gewest,2022,2,97.1,95.4,170.0,175.0
2022-03-01,Brussels Hoofdstedelijk Gewest,2022,3,92.9,95.1,302.0,325.0
2022-04-01,Brussels Hoofdstedelijk Gewest,2022,4,99.0,95.3,504.0,509.0
2022-05-01,Brussels Hoofdstedelijk Gewest,2022,5,81.4,94.0,70.0,86.0
2022-06-01,Brussels Hoofdstedelijk Gewest,2022,6,91.0,93.2,81.0,89.0
2022-07-01,Brussels Hoofdstedelijk Gewest,2022,7,98.8,93.3,343.0,347.0
2022-08-01,Brussels Hoofdstedelijk Gewest,2022,8,98.7,93.9,231.0,234.0
2022-09-01,Brussels Hoofdstedelijk Gewest,2022,9,98.1,94.9,412.0,420.0
2022-10-01,Brussels Hoofdstedelijk Gewest,2022,10,99.8,95.0,523.0,524.0
2022-11-01,Brussels Hoofdstedelijk Gewest,2022,11,98.2,95.0,436.0,444.0
2022-12-01,Brussels Hoofdstedelijk Gewest,2022,12,96.0,94.8,216.0,225.0
2023-01-01,Brussels Hoofdstedelijk Gewest,2023,1,98.5,95.8,324.0,329.0
2023-02-01,Brussels Hoofdstedelijk Gewest,2023,2,99.2,96.0,521.0,525.0
2023-03-01,Brussels Hoofdstedelijk Gewest,2023,3,93.8,96.0,255.0,272.0
2023-04-01,Brussels Hoofdstedelijk Gewest,2023,4,92.5,95.5,211.0,228.0
2023-05-01,Brussels Hoofdstedelijk Gewest,2023,5,95.7,96.7,132.0,138.0
2023-06-01,Brussels Hoofdstedelijk Gewest,2023,6,95.4,97.1,376.0,394.0
2023-07-01,Brussels Hoofdstedelijk Gewest,2023,7,96.7,96.9,435.0,450.0
2023-08-01,Brussels Hoofdstedelijk Gewest,2023,8,84.0,95.7,21.0,25.0
2023-09-01,Brussels Hoofdstedelijk Gewest,2023,9,94.4,95.4,186.0,197.0
2023-10-01,Brussels Hoofdstedelijk Gewest,2023,10,98.9,95.3,516.0,522.0
2023-11-01,Brussels Hoofdstedelijk Gewest,2023,11,92.9,94.8,13.0,14.0
2023-12-01,Brussels Hoofdstedelijk Gewest,2023,12,99.6,95.1,532.0,534.0
2024-01-01,Brussels Hoofdstedelijk Gewest,2024,1,97.9,95.1,232.0,237.0
2024-02-01,Brussels Hoofdstedelijk Gewest,2024,2,97.7,95.0,421.0,431.0
2024-03-01,Brussels Hoofdstedelijk Gewest,2024,3,96.4,95.2,270.0,280.0
2024-04-01,Brussels Hoofdstedelijk Gewest,2024,4,96.9,95.5,190.0,196.0
2024-05-01,Brussels Hoofdstedelijk Gewest,2024,5,0.0,87.6,0.0,4.0
2024-06-01,Brussels Hoofdstedelijk Gewest,2024,6,91.1,87.2,82.0,90.0
2024-07-01,Brussels Hoofdstedelijk Gewest,2024,7,99.3,87.4,134.0,135.0
2024-08-01,Brussels Hoofdstedelijk Gewest,2024,8,98.1,88.6,103.0,105.0
2024-09-01,Brussels Hoofdstedelijk Gewest,2024,9,91.4,88.4,53.0,58.0
2024-10-01,Brussels Hoofdstedelijk Gewest,2024,10,90.3,87.6,149.0,165.0
2024-11-01,Brussels Hoofdstedelijk Gewest,2024,11,100.0,88.2,15.0,15.0
2024-12-01,Brussels Hoofdstedelijk Gewest,2024,12,99.3,88.2,151.0,152.0
2025-01-01,Brussels Hoofdstedelijk Gewest,2025,1,96.9,88.1,186.0,192.0
2025-02-01,Brussels Hoofdstedelijk Gewest,2025,2,98.4,88.2,246.0,250.0
2025-03-01,Brussels Hoofdstedelijk Gewest,2025,3,80.0,86.8,8.0,10.0
2025-04-01,Brussels Hoofdstedelijk Gewest,2025,4,99.3,87.0,152.0,153.0
2025-05-01,Brussels Hoofdstedelijk Gewest,2025,5,99.2,95.3,353.0,356.0
