datum,gewest,jaar,periode,nieuwbouw_woningen_maand,nieuwbouw_woningen_trend
1996-01-01,Vlaams Gewest,1996,1,2324.0,2324.0
1996-02-01,Vlaams Gewest,1996,2,2560.0,2442.0
1996-03-01,Vlaams Gewest,1996,3,3448.0,2777.3
1996-04-01,Vlaams Gewest,1996,4,3029.0,2840.2
1996-05-01,Vlaams Gewest,1996,5,3252.0,3072.2
1996-06-01,Vlaams Gewest,1996,6,3408.0,3284.2
1996-07-01,Vlaams Gewest,1996,7,3620.0,3327.2
1996-08-01,Vlaams Gewest,1996,8,2215.0,3123.8
1996-09-01,Vlaams Gewest,1996,9,2860.0,3025.8
1996-10-01,Vlaams Gewest,1996,10,2559.0,2813.5
1996-11-01,Vlaams Gewest,1996,11,2163.0,2449.2
1996-12-01,Vlaams Gewest,1996,12,2634.0,2554.0
1997-01-01,Vlaams Gewest,1997,1,2132.0,2372.0
1997-02-01,Vlaams Gewest,1997,2,2006.0,2233.8
1997-03-01,Vlaams Gewest,1997,3,2323.0,2273.8
1997-04-01,Vlaams Gewest,1997,4,2649.0,2277.5
1997-05-01,Vlaams Gewest,1997,5,2320.0,2324.5
1997-06-01,Vlaams Gewest,1997,6,2967.0,2564.8
1997-07-01,Vlaams Gewest,1997,7,2672.0,2652.0
1997-08-01,Vlaams Gewest,1997,8,2081.0,2510.0
1997-09-01,Vlaams Gewest,1997,9,3167.0,2721.8
1997-10-01,Vlaams Gewest,1997,10,2758.0,2669.5
1997-11-01,Vlaams Gewest,1997,11,2659.0,2666.2
1997-12-01,Vlaams Gewest,1997,12,5294.0,3469.5
1998-01-01,Vlaams Gewest,1998,1,1145.0,2964.0
1998-02-01,Vlaams Gewest,1998,2,1586.0,2671.0
1998-03-01,Vlaams Gewest,1998,3,2614.0,2659.8
1998-04-01,Vlaams Gewest,1998,4,2239.0,1896.0
1998-05-01,Vlaams Gewest,1998,5,1912.0,2087.8
1998-06-01,Vlaams Gewest,1998,6,2907.0,2418.0
1998-07-01,Vlaams Gewest,1998,7,2496.0,2388.5
1998-08-01,Vlaams Gewest,1998,8,2345.0,2415.0
1998-09-01,Vlaams Gewest,1998,9,2280.0,2507.0
1998-10-01,Vlaams Gewest,1998,10,2018.0,2284.8
1998-11-01,Vlaams Gewest,1998,11,1920.0,2140.8
1998-12-01,Vlaams Gewest,1998,12,2196.0,2103.5
1999-01-01,Vlaams Gewest,1999,1,2044.0,2044.5
1999-02-01,Vlaams Gewest,1999,2,2242.0,2100.5
1999-03-01,Vlaams Gewest,1999,3,3106.0,2397.0
1999-04-01,Vlaams Gewest,1999,4,2148.0,2385.0
1999-05-01,Vlaams Gewest,1999,5,2240.0,2434.0
1999-06-01,Vlaams Gewest,1999,6,2747.0,2560.2
1999-07-01,Vlaams Gewest,1999,7,2397.0,2383.0
1999-08-01,Vlaams Gewest,1999,8,2591.0,2493.8
1999-09-01,Vlaams Gewest,1999,9,2531.0,2566.5
1999-10-01,Vlaams Gewest,1999,10,2510.0,2507.2
1999-11-01,Vlaams Gewest,1999,11,2057.0,2422.2
1999-12-01,Vlaams Gewest,1999,12,3092.0,2547.5
2000-01-01,Vlaams Gewest,2000,1,2092.0,2437.8
2000-02-01,Vlaams Gewest,2000,2,2617.0,2464.5
2000-03-01,Vlaams Gewest,2000,3,2794.0,2648.8
2000-04-01,Vlaams Gewest,2000,4,2455.0,2489.5
2000-05-01,Vlaams Gewest,2000,5,2319.0,2546.2
2000-06-01,Vlaams Gewest,2000,6,2383.0,2487.8
2000-07-01,Vlaams Gewest,2000,7,2513.0,2417.5
2000-08-01,Vlaams Gewest,2000,8,2553.0,2442.0
2000-09-01,Vlaams Gewest,2000,9,2341.0,2447.5
2000-10-01,Vlaams Gewest,2000,10,2540.0,2486.8
2000-11-01,Vlaams Gewest,2000,11,2370.0,2451.0
2000-12-01,Vlaams Gewest,2000,12,2122.0,2343.2
2001-01-01,Vlaams Gewest,2001,1,2301.0,2333.2
2001-02-01,Vlaams Gewest,2001,2,2512.0,2326.2
2001-03-01,Vlaams Gewest,2001,3,3145.0,2520.0
2001-04-01,Vlaams Gewest,2001,4,2741.0,2674.8
2001-05-01,Vlaams Gewest,2001,5,2548.0,2736.5
2001-06-01,Vlaams Gewest,2001,6,1987.0,2605.2
2001-07-01,Vlaams Gewest,2001,7,2281.0,2389.2
2001-08-01,Vlaams Gewest,2001,8,2016.0,2208.0
2001-09-01,Vlaams Gewest,2001,9,2434.0,2179.5
2001-10-01,Vlaams Gewest,2001,10,2637.0,2342.0
2001-11-01,Vlaams Gewest,2001,11,1831.0,2229.5
2001-12-01,Vlaams Gewest,2001,12,1851.0,2188.2
2002-01-01,Vlaams Gewest,2002,1,1839.0,2039.5
2002-02-01,Vlaams Gewest,2002,2,2609.0,2032.5
2002-03-01,Vlaams Gewest,2002,3,2417.0,2179.0
2002-04-01,Vlaams Gewest,2002,4,2394.0,2314.8
2002-05-01,Vlaams Gewest,2002,5,2372.0,2448.0
2002-06-01,Vlaams Gewest,2002,6,2717.0,2475.0
2002-07-01,Vlaams Gewest,2002,7,2998.0,2620.2
2002-08-01,Vlaams Gewest,2002,8,2538.0,2656.2
2002-09-01,Vlaams Gewest,2002,9,3007.0,2815.0
2002-10-01,Vlaams Gewest,2002,10,2475.0,2754.5
2002-11-01,Vlaams Gewest,2002,11,2175.0,2548.8
2002-12-01,Vlaams Gewest,2002,12,2465.0,2530.5
2003-01-01,Vlaams Gewest,2003,1,2279.0,2348.5
2003-02-01,Vlaams Gewest,2003,2,2323.0,2310.5
2003-03-01,Vlaams Gewest,2003,3,2746.0,2453.2
2003-04-01,Vlaams Gewest,2003,4,2601.0,2487.2
2003-05-01,Vlaams Gewest,2003,5,2486.0,2539.0
2003-06-01,Vlaams Gewest,2003,6,2718.0,2637.8
2003-07-01,Vlaams Gewest,2003,7,2646.0,2612.8
2003-08-01,Vlaams Gewest,2003,8,2551.0,2600.2
2003-09-01,Vlaams Gewest,2003,9,2712.0,2656.8
2003-10-01,Vlaams Gewest,2003,10,2606.0,2628.8
2003-11-01,Vlaams Gewest,2003,11,2365.0,2558.5
2003-12-01,Vlaams Gewest,2003,12,3533.0,2804.0
2004-01-01,Vlaams Gewest,2004,1,3509.0,3003.2
2004-02-01,Vlaams Gewest,2004,2,2912.0,3079.8
2004-03-01,Vlaams Gewest,2004,3,3599.0,3388.2
2004-04-01,Vlaams Gewest,2004,4,2719.0,3184.8
2004-05-01,Vlaams Gewest,2004,5,2869.0,3024.8
2004-06-01,Vlaams Gewest,2004,6,4085.0,3318.0
2004-07-01,Vlaams Gewest,2004,7,2686.0,3089.8
2004-08-01,Vlaams Gewest,2004,8,2545.0,3046.2
2004-09-01,Vlaams Gewest,2004,9,3071.0,3096.8
2004-10-01,Vlaams Gewest,2004,10,3388.0,2922.5
2004-11-01,Vlaams Gewest,2004,11,2652.0,2914.0
2004-12-01,Vlaams Gewest,2004,12,3190.0,3075.2
2005-01-01,Vlaams Gewest,2005,1,2885.0,3028.8
2005-02-01,Vlaams Gewest,2005,2,3295.0,3005.5
2005-03-01,Vlaams Gewest,2005,3,3818.0,3297.0
2005-04-01,Vlaams Gewest,2005,4,3226.0,3306.0
2005-05-01,Vlaams Gewest,2005,5,3953.0,3573.0
2005-06-01,Vlaams Gewest,2005,6,3810.0,3701.8
2005-07-01,Vlaams Gewest,2005,7,2877.0,3466.5
2005-08-01,Vlaams Gewest,2005,8,3515.0,3538.8
2005-09-01,Vlaams Gewest,2005,9,3708.0,3477.5
2005-10-01,Vlaams Gewest,2005,10,3450.0,3387.5
2005-11-01,Vlaams Gewest,2005,11,3360.0,3508.2
2005-12-01,Vlaams Gewest,2005,12,4110.0,3657.0
2006-01-01,Vlaams Gewest,2006,1,4385.0,3826.2
2006-02-01,Vlaams Gewest,2006,2,3729.0,3896.0
2006-03-01,Vlaams Gewest,2006,3,4309.0,4133.2
2006-04-01,Vlaams Gewest,2006,4,3506.0,3982.2
2006-05-01,Vlaams Gewest,2006,5,3690.0,3808.5
2006-06-01,Vlaams Gewest,2006,6,3911.0,3854.0
2006-07-01,Vlaams Gewest,2006,7,2952.0,3514.8
2006-08-01,Vlaams Gewest,2006,8,3324.0,3469.2
2006-09-01,Vlaams Gewest,2006,9,3418.0,3401.2
2006-10-01,Vlaams Gewest,2006,10,3499.0,3298.2
2006-11-01,Vlaams Gewest,2006,11,2772.0,3253.2
2006-12-01,Vlaams Gewest,2006,12,2918.0,3151.8
2007-01-01,Vlaams Gewest,2007,1,3184.0,3093.2
2007-02-01,Vlaams Gewest,2007,2,3015.0,2972.2
2007-03-01,Vlaams Gewest,2007,3,3486.0,3150.8
2007-04-01,Vlaams Gewest,2007,4,3019.0,3176.0
2007-05-01,Vlaams Gewest,2007,5,2624.0,3036.0
2007-06-01,Vlaams Gewest,2007,6,3534.0,3165.8
2007-07-01,Vlaams Gewest,2007,7,2850.0,3006.8
2007-08-01,Vlaams Gewest,2007,8,3138.0,3036.5
2007-09-01,Vlaams Gewest,2007,9,2589.0,3027.8
2007-10-01,Vlaams Gewest,2007,10,3662.0,3059.8
2007-11-01,Vlaams Gewest,2007,11,2815.0,3051.0
2007-12-01,Vlaams Gewest,2007,12,2594.0,2915.0
2008-01-01,Vlaams Gewest,2008,1,2935.0,3001.5
2008-02-01,Vlaams Gewest,2008,2,3436.0,2945.0
2008-03-01,Vlaams Gewest,2008,3,2929.0,2973.5
2008-04-01,Vlaams Gewest,2008,4,3014.0,3078.5
2008-05-01,Vlaams Gewest,2008,5,2878.0,3064.2
2008-06-01,Vlaams Gewest,2008,6,3379.0,3050.0
2008-07-01,Vlaams Gewest,2008,7,2590.0,2965.2
2008-08-01,Vlaams Gewest,2008,8,2575.0,2855.5
2008-09-01,Vlaams Gewest,2008,9,3147.0,2922.8
2008-10-01,Vlaams Gewest,2008,10,2649.0,2740.2
2008-11-01,Vlaams Gewest,2008,11,2863.0,2808.5
2008-12-01,Vlaams Gewest,2008,12,3076.0,2933.8
2009-01-01,Vlaams Gewest,2009,1,2255.0,2710.8
2009-02-01,Vlaams Gewest,2009,2,2364.0,2639.5
2009-03-01,Vlaams Gewest,2009,3,2650.0,2586.2
2009-04-01,Vlaams Gewest,2009,4,2547.0,2454.0
2009-05-01,Vlaams Gewest,2009,5,2352.0,2478.2
2009-06-01,Vlaams Gewest,2009,6,2863.0,2603.0
2009-07-01,Vlaams Gewest,2009,7,2599.0,2590.2
2009-08-01,Vlaams Gewest,2009,8,2426.0,2560.0
2009-09-01,Vlaams Gewest,2009,9,2641.0,2632.2
2009-10-01,Vlaams Gewest,2009,10,2946.0,2653.0
2009-11-01,Vlaams Gewest,2009,11,2392.0,2601.2
2009-12-01,Vlaams Gewest,2009,12,2342.0,2580.2
2010-01-01,Vlaams Gewest,2010,1,2523.0,2550.8
2010-02-01,Vlaams Gewest,2010,2,3065.0,2580.5
2010-03-01,Vlaams Gewest,2010,3,3794.0,2931.0
2010-04-01,Vlaams Gewest,2010,4,3602.0,3246.0
2010-05-01,Vlaams Gewest,2010,5,4296.0,3689.2
2010-06-01,Vlaams Gewest,2010,6,4934.0,4156.5
2010-07-01,Vlaams Gewest,2010,7,3510.0,4085.5
2010-08-01,Vlaams Gewest,2010,8,1723.0,3615.8
2010-09-01,Vlaams Gewest,2010,9,1533.0,2925.0
2010-10-01,Vlaams Gewest,2010,10,1951.0,2179.2
2010-11-01,Vlaams Gewest,2010,11,1784.0,1747.8
2010-12-01,Vlaams Gewest,2010,12,2225.0,1873.2
2011-01-01,Vlaams Gewest,2011,1,2174.0,2033.5
2011-02-01,Vlaams Gewest,2011,2,2177.0,2090.0
2011-03-01,Vlaams Gewest,2011,3,2761.0,2334.2
2011-04-01,Vlaams Gewest,2011,4,2199.0,2327.8
2011-05-01,Vlaams Gewest,2011,5,2616.0,2438.2
2011-06-01,Vlaams Gewest,2011,6,2252.0,2457.0
2011-07-01,Vlaams Gewest,2011,7,2015.0,2270.5
2011-08-01,Vlaams Gewest,2011,8,2735.0,2404.5
2011-09-01,Vlaams Gewest,2011,9,2826.0,2457.0
2011-10-01,Vlaams Gewest,2011,10,3008.0,2646.0
2011-11-01,Vlaams Gewest,2011,11,2337.0,2726.5
2011-12-01,Vlaams Gewest,2011,12,3164.0,2833.8
2012-01-01,Vlaams Gewest,2012,1,3107.0,2904.0
2012-02-01,Vlaams Gewest,2012,2,2970.0,2894.5
2012-03-01,Vlaams Gewest,2012,3,4038.0,3319.8
2012-04-01,Vlaams Gewest,2012,4,4091.0,3551.5
2012-05-01,Vlaams Gewest,2012,5,2383.0,3370.5
2012-06-01,Vlaams Gewest,2012,6,2503.0,3253.8
2012-07-01,Vlaams Gewest,2012,7,2599.0,2894.0
2012-08-01,Vlaams Gewest,2012,8,2293.0,2444.5
2012-09-01,Vlaams Gewest,2012,9,2654.0,2512.2
2012-10-01,Vlaams Gewest,2012,10,2770.0,2579.0
2012-11-01,Vlaams Gewest,2012,11,2318.0,2508.8
2012-12-01,Vlaams Gewest,2012,12,2121.0,2465.8
2013-01-01,Vlaams Gewest,2013,1,2656.0,2466.2
2013-02-01,Vlaams Gewest,2013,2,2593.0,2422.0
2013-03-01,Vlaams Gewest,2013,3,3871.0,2810.2
2013-04-01,Vlaams Gewest,2013,4,3226.0,3086.5
2013-05-01,Vlaams Gewest,2013,5,2241.0,2982.8
2013-06-01,Vlaams Gewest,2013,6,3289.0,3156.8
2013-07-01,Vlaams Gewest,2013,7,2964.0,2930.0
2013-08-01,Vlaams Gewest,2013,8,2536.0,2757.5
2013-09-01,Vlaams Gewest,2013,9,2875.0,2916.0
2013-10-01,Vlaams Gewest,2013,10,3282.0,2914.2
2013-11-01,Vlaams Gewest,2013,11,2445.0,2784.5
2013-12-01,Vlaams Gewest,2013,12,3517.0,3029.8
2014-01-01,Vlaams Gewest,2014,1,3618.0,3215.5
2014-02-01,Vlaams Gewest,2014,2,4839.0,3604.8
2014-03-01,Vlaams Gewest,2014,3,6250.0,4556.0
2014-04-01,Vlaams Gewest,2014,4,7583.0,5572.5
2014-05-01,Vlaams Gewest,2014,5,2897.0,5392.2
2014-06-01,Vlaams Gewest,2014,6,1780.0,4627.5
2014-07-01,Vlaams Gewest,2014,7,1773.0,3508.2
2014-08-01,Vlaams Gewest,2014,8,1822.0,2068.0
2014-09-01,Vlaams Gewest,2014,9,2484.0,1964.8
2014-10-01,Vlaams Gewest,2014,10,2268.0,2086.8
2014-11-01,Vlaams Gewest,2014,11,2343.0,2229.2
2014-12-01,Vlaams Gewest,2014,12,2490.0,2396.2
2015-01-01,Vlaams Gewest,2015,1,2556.0,2414.2
2015-02-01,Vlaams Gewest,2015,2,1808.0,2299.2
2015-03-01,Vlaams Gewest,2015,3,3630.0,2621.0
2015-04-01,Vlaams Gewest,2015,4,3028.0,2755.5
2015-05-01,Vlaams Gewest,2015,5,2487.0,2738.2
2015-06-01,Vlaams Gewest,2015,6,2904.0,3012.2
2015-07-01,Vlaams Gewest,2015,7,2513.0,2733.0
2015-08-01,Vlaams Gewest,2015,8,3201.0,2776.2
2015-09-01,Vlaams Gewest,2015,9,2965.0,2895.8
2015-10-01,Vlaams Gewest,2015,10,3462.0,3035.2
2015-11-01,Vlaams Gewest,2015,11,2522.0,3037.5
2015-12-01,Vlaams Gewest,2015,12,2196.0,2786.2
2016-01-01,Vlaams Gewest,2016,1,2868.0,2762.0
2016-02-01,Vlaams Gewest,2016,2,4111.0,2924.2
2016-03-01,Vlaams Gewest,2016,3,5297.0,3618.0
2016-04-01,Vlaams Gewest,2016,4,6718.0,4748.5
2016-05-01,Vlaams Gewest,2016,5,3670.0,4949.0
2016-06-01,Vlaams Gewest,2016,6,2207.0,4473.0
2016-07-01,Vlaams Gewest,2016,7,1882.0,3619.2
2016-08-01,Vlaams Gewest,2016,8,3065.0,2706.0
2016-09-01,Vlaams Gewest,2016,9,2948.0,2525.5
2016-10-01,Vlaams Gewest,2016,10,2457.0,2588.0
2016-11-01,Vlaams Gewest,2016,11,1828.0,2574.5
2016-12-01,Vlaams Gewest,2016,12,2491.0,2431.0
2017-01-01,Vlaams Gewest,2017,1,2686.0,2365.5
2017-02-01,Vlaams Gewest,2017,2,2227.0,2308.0
2017-03-01,Vlaams Gewest,2017,3,3379.0,2695.8
2017-04-01,Vlaams Gewest,2017,4,2676.0,2742.0
2017-05-01,Vlaams Gewest,2017,5,3553.0,2958.8
2017-06-01,Vlaams Gewest,2017,6,3583.0,3297.8
2017-07-01,Vlaams Gewest,2017,7,1923.0,2933.8
2017-08-01,Vlaams Gewest,2017,8,1970.0,2757.2
2017-09-01,Vlaams Gewest,2017,9,3424.0,2725.0
2017-10-01,Vlaams Gewest,2017,10,4665.0,2995.5
2017-11-01,Vlaams Gewest,2017,11,3239.0,3324.5
2017-12-01,Vlaams Gewest,2017,12,3644.0,3743.0
2018-01-01,Vlaams Gewest,2018,1,3427.0,3743.8
2018-02-01,Vlaams Gewest,2018,2,4229.0,3634.8
2018-03-01,Vlaams Gewest,2018,3,5951.0,4312.8
2018-04-01,Vlaams Gewest,2018,4,6128.0,4933.8
2018-05-01,Vlaams Gewest,2018,5,6661.0,5742.2
2018-06-01,Vlaams Gewest,2018,6,3414.0,5538.5
2018-07-01,Vlaams Gewest,2018,7,2965.0,4792.0
2018-08-01,Vlaams Gewest,2018,8,2745.0,3946.2
2018-09-01,Vlaams Gewest,2018,9,3251.0,3093.8
2018-10-01,Vlaams Gewest,2018,10,3763.0,3181.0
2018-11-01,Vlaams Gewest,2018,11,3244.0,3250.8
2018-12-01,Vlaams Gewest,2018,12,3712.0,3492.5
2019-01-01,Vlaams Gewest,2019,1,3039.0,3439.5
2019-02-01,Vlaams Gewest,2019,2,3053.0,3262.0
2019-03-01,Vlaams Gewest,2019,3,3815.0,3404.8
2019-04-01,Vlaams Gewest,2019,4,3851.0,3439.5
2019-05-01,Vlaams Gewest,2019,5,3293.0,3503.0
2019-06-01,Vlaams Gewest,2019,6,3514.0,3618.2
2019-07-01,Vlaams Gewest,2019,7,4086.0,3686.0
2019-08-01,Vlaams Gewest,2019,8,3355.0,3562.0
2019-09-01,Vlaams Gewest,2019,9,4129.0,3771.0
2019-10-01,Vlaams Gewest,2019,10,4287.0,3964.2
2019-11-01,Vlaams Gewest,2019,11,3233.0,3751.0
2019-12-01,Vlaams Gewest,2019,12,3244.0,3723.2
2020-01-01,Vlaams Gewest,2020,1,3151.0,3478.8
2020-02-01,Vlaams Gewest,2020,2,3397.0,3256.2
2020-03-01,Vlaams Gewest,2020,3,4888.0,3670.0
2020-04-01,Vlaams Gewest,2020,4,3296.0,3683.0
2020-05-01,Vlaams Gewest,2020,5,2910.0,3622.8
2020-06-01,Vlaams Gewest,2020,6,3501.0,3648.8
2020-07-01,Vlaams Gewest,2020,7,3437.0,3286.0
2020-08-01,Vlaams Gewest,2020,8,3562.0,3352.5
2020-09-01,Vlaams Gewest,2020,9,3309.0,3452.2
2020-10-01,Vlaams Gewest,2020,10,4186.0,3623.5
2020-11-01,Vlaams Gewest,2020,11,3831.0,3722.0
2020-12-01,Vlaams Gewest,2020,12,3871.0,3799.2
2021-01-01,Vlaams Gewest,2021,1,3785.0,3918.2
2021-02-01,Vlaams Gewest,2021,2,3435.0,3730.5
2021-03-01,Vlaams Gewest,2021,3,4413.0,3876.0
2021-04-01,Vlaams Gewest,2021,4,3772.0,3851.2
2021-05-01,Vlaams Gewest,2021,5,3534.0,3788.5
2021-06-01,Vlaams Gewest,2021,6,4417.0,4034.0
2021-07-01,Vlaams Gewest,2021,7,3395.0,3779.5
2021-08-01,Vlaams Gewest,2021,8,3307.0,3663.2
2021-09-01,Vlaams Gewest,2021,9,3706.0,3706.2
2021-10-01,Vlaams Gewest,2021,10,3761.0,3542.2
2021-11-01,Vlaams Gewest,2021,11,3180.0,3488.5
2021-12-01,Vlaams Gewest,2021,12,3274.0,3480.2
2022-01-01,Vlaams Gewest,2022,1,3248.0,3365.8
2022-02-01,Vlaams Gewest,2022,2,3420.0,3280.5
2022-03-01,Vlaams Gewest,2022,3,4943.0,3721.2
2022-04-01,Vlaams Gewest,2022,4,2940.0,3637.8
2022-05-01,Vlaams Gewest,2022,5,4161.0,3866.0
2022-06-01,Vlaams Gewest,2022,6,3492.0,3884.0
2022-07-01,Vlaams Gewest,2022,7,2681.0,3318.5
2022-08-01,Vlaams Gewest,2022,8,3334.0,3417.0
2022-09-01,Vlaams Gewest,2022,9,3391.0,3224.5
2022-10-01,Vlaams Gewest,2022,10,2991.0,3099.2
2022-11-01,Vlaams Gewest,2022,11,2786.0,3125.5
2022-12-01,Vlaams Gewest,2022,12,2778.0,2986.5
2023-01-01,Vlaams Gewest,2023,1,3164.0,2929.8
2023-02-01,Vlaams Gewest,2023,2,2825.0,2888.2
2023-03-01,Vlaams Gewest,2023,3,3375.0,3035.5
2023-04-01,Vlaams Gewest,2023,4,2874.0,3059.5
2023-05-01,Vlaams Gewest,2023,5,3197.0,3067.8
2023-06-01,Vlaams Gewest,2023,6,3496.0,3235.5
2023-07-01,Vlaams Gewest,2023,7,2958.0,3131.2
2023-08-01,Vlaams Gewest,2023,8,1955.0,2901.5
2023-09-01,Vlaams Gewest,2023,9,3151.0,2890.0
2023-10-01,Vlaams Gewest,2023,10,3928.0,2998.0
2023-11-01,Vlaams Gewest,2023,11,2901.0,2983.8
2023-12-01,Vlaams Gewest,2023,12,2893.0,3218.2
2024-01-01,Vlaams Gewest,2024,1,2447.0,3042.2
2024-02-01,Vlaams Gewest,2024,2,2095.0,2584.0
2024-03-01,Vlaams Gewest,2024,3,3271.0,2676.5
2024-04-01,Vlaams Gewest,2024,4,3124.0,2734.2
2024-05-01,Vlaams Gewest,2024,5,2520.0,2752.5
2024-06-01,Vlaams Gewest,2024,6,2952.0,2966.8
2024-07-01,Vlaams Gewest,2024,7,2814.0,2852.5
2024-08-01,Vlaams Gewest,2024,8,2190.0,2619.0
2024-09-01,Vlaams Gewest,2024,9,3006.0,2740.5
2024-10-01,Vlaams Gewest,2024,10,2615.0,2656.2
2024-11-01,Vlaams Gewest,2024,11,2633.0,2611.0
2024-12-01,Vlaams Gewest,2024,12,2470.0,2681.0
2025-01-01,Vlaams Gewest,2025,1,2268.0,2496.5
2025-02-01,Vlaams Gewest,2025,2,2362.0,2433.2
2025-03-01,Vlaams Gewest,2025,3,2556.0,2414.0
2025-04-01,Vlaams Gewest,2025,4,2899.0,2521.2
2025-05-01,Vlaams Gewest,2025,5,2370.0,2546.8
1996-01-01,Waals Gewest,1996,1,789.0,789.0
1996-02-01,Waals Gewest,1996,2,876.0,832.5
1996-03-01,Waals Gewest,1996,3,961.0,875.3
1996-04-01,Waals Gewest,1996,4,1057.0,920.8
1996-05-01,Waals Gewest,1996,5,1199.0,1023.2
1996-06-01,Waals Gewest,1996,6,1436.0,1163.2
1996-07-01,Waals Gewest,1996,7,1279.0,1242.8
1996-08-01,Waals Gewest,1996,8,1198.0,1278.0
1996-09-01,Waals Gewest,1996,9,1113.0,1256.5
1996-10-01,Waals Gewest,1996,10,1101.0,1172.8
1996-11-01,Waals Gewest,1996,11,1117.0,1132.2
1996-12-01,Waals Gewest,1996,12,951.0,1070.5
1997-01-01,Waals Gewest,1997,1,812.0,995.2
1997-02-01,Waals Gewest,1997,2,1023.0,975.8
1997-03-01,Waals Gewest,1997,3,1135.0,980.2
1997-04-01,Waals Gewest,1997,4,1344.0,1078.5
1997-05-01,Waals Gewest,1997,5,984.0,1121.5
1997-06-01,Waals Gewest,1997,6,1274.0,1184.2
1997-07-01,Waals Gewest,1997,7,1368.0,1242.5
1997-08-01,Waals Gewest,1997,8,977.0,1150.8
1997-09-01,Waals Gewest,1997,9,1504.0,1280.8
1997-10-01,Waals Gewest,1997,10,1190.0,1259.8
1997-11-01,Waals Gewest,1997,11,1168.0,1209.8
1997-12-01,Waals Gewest,1997,12,2227.0,1522.2
1998-01-01,Waals Gewest,1998,1,507.0,1273.0
1998-02-01,Waals Gewest,1998,2,686.0,1147.0
1998-03-01,Waals Gewest,1998,3,920.0,1085.0
1998-04-01,Waals Gewest,1998,4,1002.0,778.8
1998-05-01,Waals Gewest,1998,5,1076.0,921.0
1998-06-01,Waals Gewest,1998,6,1278.0,1069.0
1998-07-01,Waals Gewest,1998,7,904.0,1065.0
1998-08-01,Waals Gewest,1998,8,1079.0,1084.2
1998-09-01,Waals Gewest,1998,9,985.0,1061.5
1998-10-01,Waals Gewest,1998,10,765.0,933.2
1998-11-01,Waals Gewest,1998,11,703.0,883.0
1998-12-01,Waals Gewest,1998,12,812.0,816.2
1999-01-01,Waals Gewest,1999,1,940.0,805.0
1999-02-01,Waals Gewest,1999,2,835.0,822.5
1999-03-01,Waals Gewest,1999,3,1203.0,947.5
1999-04-01,Waals Gewest,1999,4,1108.0,1021.5
1999-05-01,Waals Gewest,1999,5,1264.0,1102.5
1999-06-01,Waals Gewest,1999,6,1384.0,1239.8
1999-07-01,Waals Gewest,1999,7,1022.0,1194.5
1999-08-01,Waals Gewest,1999,8,1429.0,1274.8
1999-09-01,Waals Gewest,1999,9,980.0,1203.8
1999-10-01,Waals Gewest,1999,10,1117.0,1137.0
1999-11-01,Waals Gewest,1999,11,1246.0,1193.0
1999-12-01,Waals Gewest,1999,12,898.0,1060.2
2000-01-01,Waals Gewest,2000,1,1228.0,1122.2
2000-02-01,Waals Gewest,2000,2,1164.0,1134.0
2000-03-01,Waals Gewest,2000,3,1048.0,1084.5
2000-04-01,Waals Gewest,2000,4,900.0,1085.0
2000-05-01,Waals Gewest,2000,5,1188.0,1075.0
2000-06-01,Waals Gewest,2000,6,951.0,1021.8
2000-07-01,Waals Gewest,2000,7,933.0,993.0
2000-08-01,Waals Gewest,2000,8,1041.0,1028.2
2000-09-01,Waals Gewest,2000,9,820.0,936.2
2000-10-01,Waals Gewest,2000,10,829.0,905.8
2000-11-01,Waals Gewest,2000,11,677.0,841.8
2000-12-01,Waals Gewest,2000,12,720.0,761.5
2001-01-01,Waals Gewest,2001,1,846.0,768.0
2001-02-01,Waals Gewest,2001,2,842.0,771.2
2001-03-01,Waals Gewest,2001,3,1137.0,886.2
2001-04-01,Waals Gewest,2001,4,961.0,946.5
2001-05-01,Waals Gewest,2001,5,1008.0,987.0
2001-06-01,Waals Gewest,2001,6,872.0,994.5
2001-07-01,Waals Gewest,2001,7,1094.0,983.8
2001-08-01,Waals Gewest,2001,8,905.0,969.8
2001-09-01,Waals Gewest,2001,9,622.0,873.2
2001-10-01,Waals Gewest,2001,10,1068.0,922.2
2001-11-01,Waals Gewest,2001,11,760.0,838.8
2001-12-01,Waals Gewest,2001,12,809.0,814.8
2002-01-01,Waals Gewest,2002,1,838.0,868.8
2002-02-01,Waals Gewest,2002,2,1008.0,853.8
2002-03-01,Waals Gewest,2002,3,838.0,873.2
2002-04-01,Waals Gewest,2002,4,1057.0,935.2
2002-05-01,Waals Gewest,2002,5,904.0,951.8
2002-06-01,Waals Gewest,2002,6,803.0,900.5
2002-07-01,Waals Gewest,2002,7,810.0,893.5
2002-08-01,Waals Gewest,2002,8,992.0,877.2
2002-09-01,Waals Gewest,2002,9,667.0,818.0
2002-10-01,Waals Gewest,2002,10,803.0,818.0
2002-11-01,Waals Gewest,2002,11,611.0,768.2
2002-12-01,Waals Gewest,2002,12,712.0,698.2
2003-01-01,Waals Gewest,2003,1,785.0,727.8
2003-02-01,Waals Gewest,2003,2,599.0,676.8
2003-03-01,Waals Gewest,2003,3,1008.0,776.0
2003-04-01,Waals Gewest,2003,4,1136.0,882.0
2003-05-01,Waals Gewest,2003,5,931.0,918.5
2003-06-01,Waals Gewest,2003,6,1051.0,1031.5
2003-07-01,Waals Gewest,2003,7,956.0,1018.5
2003-08-01,Waals Gewest,2003,8,1006.0,986.0
2003-09-01,Waals Gewest,2003,9,1077.0,1022.5
2003-10-01,Waals Gewest,2003,10,772.0,952.8
2003-11-01,Waals Gewest,2003,11,680.0,883.8
2003-12-01,Waals Gewest,2003,12,787.0,829.0
2004-01-01,Waals Gewest,2004,1,1011.0,812.5
2004-02-01,Waals Gewest,2004,2,701.0,794.8
2004-03-01,Waals Gewest,2004,3,1269.0,942.0
2004-04-01,Waals Gewest,2004,4,1007.0,997.0
2004-05-01,Waals Gewest,2004,5,1013.0,997.5
2004-06-01,Waals Gewest,2004,6,1209.0,1124.5
2004-07-01,Waals Gewest,2004,7,1036.0,1066.2
2004-08-01,Waals Gewest,2004,8,1084.0,1085.5
2004-09-01,Waals Gewest,2004,9,926.0,1063.8
2004-10-01,Waals Gewest,2004,10,1083.0,1032.2
2004-11-01,Waals Gewest,2004,11,912.0,1001.2
2004-12-01,Waals Gewest,2004,12,910.0,957.8
2005-01-01,Waals Gewest,2005,1,886.0,947.8
2005-02-01,Waals Gewest,2005,2,948.0,914.0
2005-03-01,Waals Gewest,2005,3,1134.0,969.5
2005-04-01,Waals Gewest,2005,4,1226.0,1048.5
2005-05-01,Waals Gewest,2005,5,1522.0,1207.5
2005-06-01,Waals Gewest,2005,6,1491.0,1343.2
2005-07-01,Waals Gewest,2005,7,1086.0,1331.2
2005-08-01,Waals Gewest,2005,8,1274.0,1343.2
2005-09-01,Waals Gewest,2005,9,1164.0,1253.8
2005-10-01,Waals Gewest,2005,10,1205.0,1182.2
2005-11-01,Waals Gewest,2005,11,966.0,1152.2
2005-12-01,Waals Gewest,2005,12,1462.0,1199.2
2006-01-01,Waals Gewest,2006,1,1134.0,1191.8
2006-02-01,Waals Gewest,2006,2,1157.0,1179.8
2006-03-01,Waals Gewest,2006,3,1676.0,1357.2
2006-04-01,Waals Gewest,2006,4,1168.0,1283.8
2006-05-01,Waals Gewest,2006,5,1492.0,1373.2
2006-06-01,Waals Gewest,2006,6,1413.0,1437.2
2006-07-01,Waals Gewest,2006,7,1287.0,1340.0
2006-08-01,Waals Gewest,2006,8,1206.0,1349.5
2006-09-01,Waals Gewest,2006,9,1054.0,1240.0
2006-10-01,Waals Gewest,2006,10,1166.0,1178.2
2006-11-01,Waals Gewest,2006,11,1071.0,1124.2
2006-12-01,Waals Gewest,2006,12,1264.0,1138.8
2007-01-01,Waals Gewest,2007,1,1319.0,1205.0
2007-02-01,Waals Gewest,2007,2,1095.0,1187.2
2007-03-01,Waals Gewest,2007,3,1500.0,1294.5
2007-04-01,Waals Gewest,2007,4,1142.0,1264.0
2007-05-01,Waals Gewest,2007,5,1364.0,1275.2
2007-06-01,Waals Gewest,2007,6,1344.0,1337.5
2007-07-01,Waals Gewest,2007,7,1283.0,1283.2
2007-08-01,Waals Gewest,2007,8,1315.0,1326.5
2007-09-01,Waals Gewest,2007,9,913.0,1213.8
2007-10-01,Waals Gewest,2007,10,1514.0,1256.2
2007-11-01,Waals Gewest,2007,11,1187.0,1232.2
2007-12-01,Waals Gewest,2007,12,1054.0,1167.0
2008-01-01,Waals Gewest,2008,1,1546.0,1325.2
2008-02-01,Waals Gewest,2008,2,1251.0,1259.5
2008-03-01,Waals Gewest,2008,3,1309.0,1290.0
2008-04-01,Waals Gewest,2008,4,1513.0,1404.8
2008-05-01,Waals Gewest,2008,5,1107.0,1295.0
2008-06-01,Waals Gewest,2008,6,1327.0,1314.0
2008-07-01,Waals Gewest,2008,7,1168.0,1278.8
2008-08-01,Waals Gewest,2008,8,1106.0,1177.0
2008-09-01,Waals Gewest,2008,9,1142.0,1185.8
2008-10-01,Waals Gewest,2008,10,1245.0,1165.2
2008-11-01,Waals Gewest,2008,11,1043.0,1134.0
2008-12-01,Waals Gewest,2008,12,1063.0,1123.2
2009-01-01,Waals Gewest,2009,1,943.0,1073.5
2009-02-01,Waals Gewest,2009,2,981.0,1007.5
2009-03-01,Waals Gewest,2009,3,1192.0,1044.8
2009-04-01,Waals Gewest,2009,4,1020.0,1034.0
2009-05-01,Waals Gewest,2009,5,988.0,1045.2
2009-06-01,Waals Gewest,2009,6,1261.0,1115.2
2009-07-01,Waals Gewest,2009,7,1173.0,1110.5
2009-08-01,Waals Gewest,2009,8,1188.0,1152.5
2009-09-01,Waals Gewest,2009,9,1245.0,1216.8
2009-10-01,Waals Gewest,2009,10,867.0,1118.2
2009-11-01,Waals Gewest,2009,11,936.0,1059.0
2009-12-01,Waals Gewest,2009,12,1090.0,1034.5
2010-01-01,Waals Gewest,2010,1,958.0,962.8
2010-02-01,Waals Gewest,2010,2,799.0,945.8
2010-03-01,Waals Gewest,2010,3,1392.0,1059.8
2010-04-01,Waals Gewest,2010,4,1386.0,1133.8
2010-05-01,Waals Gewest,2010,5,1194.0,1192.8
2010-06-01,Waals Gewest,2010,6,1401.0,1343.2
2010-07-01,Waals Gewest,2010,7,1267.0,1312.0
2010-08-01,Waals Gewest,2010,8,1235.0,1274.2
2010-09-01,Waals Gewest,2010,9,871.0,1193.5
2010-10-01,Waals Gewest,2010,10,824.0,1049.2
2010-11-01,Waals Gewest,2010,11,824.0,938.5
2010-12-01,Waals Gewest,2010,12,793.0,828.0
2011-01-01,Waals Gewest,2011,1,918.0,839.8
2011-02-01,Waals Gewest,2011,2,899.0,858.5
2011-03-01,Waals Gewest,2011,3,882.0,873.0
2011-04-01,Waals Gewest,2011,4,929.0,907.0
2011-05-01,Waals Gewest,2011,5,1138.0,962.0
2011-06-01,Waals Gewest,2011,6,996.0,986.2
2011-07-01,Waals Gewest,2011,7,758.0,955.2
2011-08-01,Waals Gewest,2011,8,1000.0,973.0
2011-09-01,Waals Gewest,2011,9,1145.0,974.8
2011-10-01,Waals Gewest,2011,10,1146.0,1012.2
2011-11-01,Waals Gewest,2011,11,1063.0,1088.5
2011-12-01,Waals Gewest,2011,12,1054.0,1102.0
2012-01-01,Waals Gewest,2012,1,946.0,1052.2
2012-02-01,Waals Gewest,2012,2,952.0,1003.8
2012-03-01,Waals Gewest,2012,3,1100.0,1013.0
2012-04-01,Waals Gewest,2012,4,841.0,959.8
2012-05-01,Waals Gewest,2012,5,1187.0,1020.0
2012-06-01,Waals Gewest,2012,6,867.0,998.8
2012-07-01,Waals Gewest,2012,7,1102.0,999.2
2012-08-01,Waals Gewest,2012,8,967.0,1030.8
2012-09-01,Waals Gewest,2012,9,784.0,930.0
2012-10-01,Waals Gewest,2012,10,962.0,953.8
2012-11-01,Waals Gewest,2012,11,1119.0,958.0
2012-12-01,Waals Gewest,2012,12,807.0,918.0
2013-01-01,Waals Gewest,2013,1,896.0,946.0
2013-02-01,Waals Gewest,2013,2,724.0,886.5
2013-03-01,Waals Gewest,2013,3,910.0,834.2
2013-04-01,Waals Gewest,2013,4,925.0,863.8
2013-05-01,Waals Gewest,2013,5,1078.0,909.2
2013-06-01,Waals Gewest,2013,6,1020.0,983.2
2013-07-01,Waals Gewest,2013,7,1165.0,1047.0
2013-08-01,Waals Gewest,2013,8,812.0,1018.8
2013-09-01,Waals Gewest,2013,9,1109.0,1026.5
2013-10-01,Waals Gewest,2013,10,928.0,1003.5
2013-11-01,Waals Gewest,2013,11,862.0,927.8
2013-12-01,Waals Gewest,2013,12,773.0,918.0
2014-01-01,Waals Gewest,2014,1,1132.0,923.8
2014-02-01,Waals Gewest,2014,2,659.0,856.5
2014-03-01,Waals Gewest,2014,3,882.0,861.5
2014-04-01,Waals Gewest,2014,4,1217.0,972.5
2014-05-01,Waals Gewest,2014,5,984.0,935.5
2014-06-01,Waals Gewest,2014,6,1019.0,1025.5
2014-07-01,Waals Gewest,2014,7,891.0,1027.8
2014-08-01,Waals Gewest,2014,8,1395.0,1072.2
2014-09-01,Waals Gewest,2014,9,1378.0,1170.8
2014-10-01,Waals Gewest,2014,10,882.0,1136.5
2014-11-01,Waals Gewest,2014,11,774.0,1107.2
2014-12-01,Waals Gewest,2014,12,924.0,989.5
2015-01-01,Waals Gewest,2015,1,843.0,855.8
2015-02-01,Waals Gewest,2015,2,832.0,843.2
2015-03-01,Waals Gewest,2015,3,973.0,893.0
2015-04-01,Waals Gewest,2015,4,779.0,856.8
2015-05-01,Waals Gewest,2015,5,1022.0,901.5
2015-06-01,Waals Gewest,2015,6,1117.0,972.8
2015-07-01,Waals Gewest,2015,7,832.0,937.5
2015-08-01,Waals Gewest,2015,8,1030.0,1000.2
2015-09-01,Waals Gewest,2015,9,1189.0,1042.0
2015-10-01,Waals Gewest,2015,10,938.0,997.2
2015-11-01,Waals Gewest,2015,11,897.0,1013.5
2015-12-01,Waals Gewest,2015,12,874.0,974.5
2016-01-01,Waals Gewest,2016,1,771.0,870.0
2016-02-01,Waals Gewest,2016,2,814.0,839.0
2016-03-01,Waals Gewest,2016,3,788.0,811.8
2016-04-01,Waals Gewest,2016,4,919.0,823.0
2016-05-01,Waals Gewest,2016,5,1157.0,919.5
2016-06-01,Waals Gewest,2016,6,775.0,909.8
2016-07-01,Waals Gewest,2016,7,858.0,927.2
2016-08-01,Waals Gewest,2016,8,900.0,922.5
2016-09-01,Waals Gewest,2016,9,720.0,813.2
2016-10-01,Waals Gewest,2016,10,965.0,860.8
2016-11-01,Waals Gewest,2016,11,719.0,826.0
2016-12-01,Waals Gewest,2016,12,934.0,834.5
2017-01-01,Waals Gewest,2017,1,882.0,875.0
2017-02-01,Waals Gewest,2017,2,943.0,869.5
2017-03-01,Waals Gewest,2017,3,996.0,938.8
2017-04-01,Waals Gewest,2017,4,978.0,949.8
2017-05-01,Waals Gewest,2017,5,980.0,974.2
2017-06-01,Waals Gewest,2017,6,1145.0,1024.8
2017-07-01,Waals Gewest,2017,7,846.0,987.2
2017-08-01,Waals Gewest,2017,8,731.0,925.5
2017-09-01,Waals Gewest,2017,9,1013.0,933.8
2017-10-01,Waals Gewest,2017,10,949.0,884.8
2017-11-01,Waals Gewest,2017,11,810.0,875.8
2017-12-01,Waals Gewest,2017,12,911.0,920.8
2018-01-01,Waals Gewest,2018,1,1019.0,922.2
2018-02-01,Waals Gewest,2018,2,805.0,886.2
2018-03-01,Waals Gewest,2018,3,1117.0,963.0
2018-04-01,Waals Gewest,2018,4,1020.0,990.2
2018-05-01,Waals Gewest,2018,5,1037.0,994.8
2018-06-01,Waals Gewest,2018,6,1059.0,1058.2
2018-07-01,Waals Gewest,2018,7,963.0,1019.8
2018-08-01,Waals Gewest,2018,8,853.0,978.0
2018-09-01,Waals Gewest,2018,9,774.0,912.2
2018-10-01,Waals Gewest,2018,10,1015.0,901.2
2018-11-01,Waals Gewest,2018,11,1283.0,981.2
2018-12-01,Waals Gewest,2018,12,736.0,952.0
2019-01-01,Waals Gewest,2019,1,815.0,962.2
2019-02-01,Waals Gewest,2019,2,681.0,878.8
2019-03-01,Waals Gewest,2019,3,802.0,758.5
2019-04-01,Waals Gewest,2019,4,865.0,790.8
2019-05-01,Waals Gewest,2019,5,1055.0,850.8
2019-06-01,Waals Gewest,2019,6,941.0,915.8
2019-07-01,Waals Gewest,2019,7,1296.0,1039.2
2019-08-01,Waals Gewest,2019,8,794.0,1021.5
2019-09-01,Waals Gewest,2019,9,1650.0,1170.2
2019-10-01,Waals Gewest,2019,10,958.0,1174.5
2019-11-01,Waals Gewest,2019,11,975.0,1094.2
2019-12-01,Waals Gewest,2019,12,850.0,1108.2
2020-01-01,Waals Gewest,2020,1,1007.0,947.5
2020-02-01,Waals Gewest,2020,2,749.0,895.2
2020-03-01,Waals Gewest,2020,3,1152.0,939.5
2020-04-01,Waals Gewest,2020,4,1223.0,1032.8
2020-05-01,Waals Gewest,2020,5,842.0,991.5
2020-06-01,Waals Gewest,2020,6,718.0,983.8
2020-07-01,Waals Gewest,2020,7,861.0,911.0
2020-08-01,Waals Gewest,2020,8,930.0,837.8
2020-09-01,Waals Gewest,2020,9,927.0,859.0
2020-10-01,Waals Gewest,2020,10,908.0,906.5
2020-11-01,Waals Gewest,2020,11,956.0,930.2
2020-12-01,Waals Gewest,2020,12,905.0,924.0
2021-01-01,Waals Gewest,2021,1,921.0,922.5
2021-02-01,Waals Gewest,2021,2,934.0,929.0
2021-03-01,Waals Gewest,2021,3,1433.0,1048.2
2021-04-01,Waals Gewest,2021,4,1130.0,1104.5
2021-05-01,Waals Gewest,2021,5,1203.0,1175.0
2021-06-01,Waals Gewest,2021,6,1167.0,1233.2
2021-07-01,Waals Gewest,2021,7,1236.0,1184.0
2021-08-01,Waals Gewest,2021,8,816.0,1105.5
2021-09-01,Waals Gewest,2021,9,1039.0,1064.5
2021-10-01,Waals Gewest,2021,10,856.0,986.8
2021-11-01,Waals Gewest,2021,11,1184.0,973.8
2021-12-01,Waals Gewest,2021,12,1125.0,1051.0
2022-01-01,Waals Gewest,2022,1,780.0,986.2
2022-02-01,Waals Gewest,2022,2,802.0,972.8
2022-03-01,Waals Gewest,2022,3,1068.0,943.8
2022-04-01,Waals Gewest,2022,4,852.0,875.5
2022-05-01,Waals Gewest,2022,5,1176.0,974.5
2022-06-01,Waals Gewest,2022,6,807.0,975.8
2022-07-01,Waals Gewest,2022,7,716.0,887.8
2022-08-01,Waals Gewest,2022,8,916.0,903.8
2022-09-01,Waals Gewest,2022,9,913.0,838.0
2022-10-01,Waals Gewest,2022,10,965.0,877.5
2022-11-01,Waals Gewest,2022,11,768.0,890.5
2022-12-01,Waals Gewest,2022,12,945.0,897.8
2023-01-01,Waals Gewest,2023,1,1110.0,947.0
2023-02-01,Waals Gewest,2023,2,809.0,908.0
2023-03-01,Waals Gewest,2023,3,969.0,958.2
2023-04-01,Waals Gewest,2023,4,720.0,902.0
2023-05-01,Waals Gewest,2023,5,1046.0,886.0
2023-06-01,Waals Gewest,2023,6,849.0,896.0
2023-07-01,Waals Gewest,2023,7,900.0,878.8
2023-08-01,Waals Gewest,2023,8,697.0,873.0
2023-09-01,Waals Gewest,2023,9,800.0,811.5
2023-10-01,Waals Gewest,2023,10,909.0,826.5
2023-11-01,Waals Gewest,2023,11,743.0,787.2
2023-12-01,Waals Gewest,2023,12,790.0,810.5
2024-01-01,Waals Gewest,2024,1,953.0,848.8
2024-02-01,Waals Gewest,2024,2,1324.0,952.5
2024-03-01,Waals Gewest,2024,3,772.0,959.8
2024-04-01,Waals Gewest,2024,4,841.0,972.5
2024-05-01,Waals Gewest,2024,5,729.0,916.5
2024-06-01,Waals Gewest,2024,6,864.0,801.5
2024-07-01,Waals Gewest,2024,7,953.0,846.8
2024-08-01,Waals Gewest,2024,8,828.0,843.5
2024-09-01,Waals Gewest,2024,9,732.0,844.2
2024-10-01,Waals Gewest,2024,10,697.0,802.5
2024-11-01,Waals Gewest,2024,11,817.0,768.5
2024-12-01,Waals Gewest,2024,12,637.0,720.8
2025-01-01,Waals Gewest,2025,1,697.0,712.0
2025-02-01,Waals Gewest,2025,2,555.0,676.5
2025-03-01,Waals Gewest,2025,3,575.0,616.0
2025-04-01,Waals Gewest,2025,4,808.0,658.8
2025-05-01,Waals Gewest,2025,5,517.0,613.8
1996-01-01,Brussels Hoofdstedelijk Gewest,1996,1,109.0,109.0
1996-02-01,Brussels Hoofdstedelijk Gewest,1996,2,18.0,63.5
1996-03-01,Brussels Hoofdstedelijk Gewest,1996,3,116.0,81.0
1996-04-01,Brussels Hoofdstedelijk Gewest,1996,4,100.0,85.8
1996-05-01,Brussels Hoofdstedelijk Gewest,1996,5,302.0,134.0
1996-06-01,Brussels Hoofdstedelijk Gewest,1996,6,178.0,174.0
1996-07-01,Brussels Hoofdstedelijk Gewest,1996,7,40.0,155.0
1996-08-01,Brussels Hoofdstedelijk Gewest,1996,8,129.0,162.2
1996-09-01,Brussels Hoofdstedelijk Gewest,1996,9,89.0,109.0
1996-10-01,Brussels Hoofdstedelijk Gewest,1996,10,75.0,83.2
1996-11-01,Brussels Hoofdstedelijk Gewest,1996,11,55.0,87.0
1996-12-01,Brussels Hoofdstedelijk Gewest,1996,12,164.0,95.8
1997-01-01,Brussels Hoofdstedelijk Gewest,1997,1,65.0,89.8
1997-02-01,Brussels Hoofdstedelijk Gewest,1997,2,124.0,102.0
1997-03-01,Brussels Hoofdstedelijk Gewest,1997,3,360.0,178.2
1997-04-01,Brussels Hoofdstedelijk Gewest,1997,4,55.0,151.0
1997-05-01,Brussels Hoofdstedelijk Gewest,1997,5,46.0,146.2
1997-06-01,Brussels Hoofdstedelijk Gewest,1997,6,163.0,156.0
1997-07-01,Brussels Hoofdstedelijk Gewest,1997,7,151.0,103.8
1997-08-01,Brussels Hoofdstedelijk Gewest,1997,8,400.0,190.0
1997-09-01,Brussels Hoofdstedelijk Gewest,1997,9,117.0,207.8
1997-10-01,Brussels Hoofdstedelijk Gewest,1997,10,220.0,222.0
1997-11-01,Brussels Hoofdstedelijk Gewest,1997,11,63.0,200.0
1997-12-01,Brussels Hoofdstedelijk Gewest,1997,12,129.0,132.2
1998-01-01,Brussels Hoofdstedelijk Gewest,1998,1,140.0,138.0
1998-02-01,Brussels Hoofdstedelijk Gewest,1998,2,34.0,91.5
1998-03-01,Brussels Hoofdstedelijk Gewest,1998,3,155.0,114.5
1998-04-01,Brussels Hoofdstedelijk Gewest,1998,4,109.0,109.5
1998-05-01,Brussels Hoofdstedelijk Gewest,1998,5,135.0,108.2
1998-06-01,Brussels Hoofdstedelijk Gewest,1998,6,196.0,148.8
1998-07-01,Brussels Hoofdstedelijk Gewest,1998,7,216.0,164.0
1998-08-01,Brussels Hoofdstedelijk Gewest,1998,8,113.0,165.0
1998-09-01,Brussels Hoofdstedelijk Gewest,1998,9,242.0,191.8
1998-10-01,Brussels Hoofdstedelijk Gewest,1998,10,80.0,162.8
1998-11-01,Brussels Hoofdstedelijk Gewest,1998,11,65.0,125.0
1998-12-01,Brussels Hoofdstedelijk Gewest,1998,12,33.0,105.0
1999-01-01,Brussels Hoofdstedelijk Gewest,1999,1,135.0,78.2
1999-02-01,Brussels Hoofdstedelijk Gewest,1999,2,25.0,64.5
1999-03-01,Brussels Hoofdstedelijk Gewest,1999,3,293.0,121.5
1999-04-01,Brussels Hoofdstedelijk Gewest,1999,4,210.0,165.8
1999-05-01,Brussels Hoofdstedelijk Gewest,1999,5,244.0,193.0
1999-06-01,Brussels Hoofdstedelijk Gewest,1999,6,410.0,289.2
1999-07-01,Brussels Hoofdstedelijk Gewest,1999,7,231.0,273.8
1999-08-01,Brussels Hoofdstedelijk Gewest,1999,8,254.0,284.8
1999-09-01,Brussels Hoofdstedelijk Gewest,1999,9,316.0,302.8
1999-10-01,Brussels Hoofdstedelijk Gewest,1999,10,151.0,238.0
1999-11-01,Brussels Hoofdstedelijk Gewest,1999,11,150.0,217.8
1999-12-01,Brussels Hoofdstedelijk Gewest,1999,12,170.0,196.8
2000-01-01,Brussels Hoofdstedelijk Gewest,2000,1,275.0,186.5
2000-02-01,Brussels Hoofdstedelijk Gewest,2000,2,133.0,182.0
2000-03-01,Brussels Hoofdstedelijk Gewest,2000,3,317.0,223.8
2000-04-01,Brussels Hoofdstedelijk Gewest,2000,4,321.0,261.5
2000-05-01,Brussels Hoofdstedelijk Gewest,2000,5,287.0,264.5
2000-06-01,Brussels Hoofdstedelijk Gewest,2000,6,112.0,259.2
2000-07-01,Brussels Hoofdstedelijk Gewest,2000,7,58.0,194.5
2000-08-01,Brussels Hoofdstedelijk Gewest,2000,8,364.0,205.2
2000-09-01,Brussels Hoofdstedelijk Gewest,2000,9,192.0,181.5
2000-10-01,Brussels Hoofdstedelijk Gewest,2000,10,111.0,181.2
2000-11-01,Brussels Hoofdstedelijk Gewest,2000,11,50.0,179.2
2000-12-01,Brussels Hoofdstedelijk Gewest,2000,12,95.0,112.0
2001-01-01,Brussels Hoofdstedelijk Gewest,2001,1,242.0,124.5
2001-02-01,Brussels Hoofdstedelijk Gewest,2001,2,143.0,132.5
2001-03-01,Brussels Hoofdstedelijk Gewest,2001,3,122.0,150.5
2001-04-01,Brussels Hoofdstedelijk Gewest,2001,4,147.0,163.5
2001-05-01,Brussels Hoofdstedelijk Gewest,2001,5,178.0,147.5
2001-06-01,Brussels Hoofdstedelijk Gewest,2001,6,201.0,162.0
2001-07-01,Brussels Hoofdstedelijk Gewest,2001,7,132.0,164.5
2001-08-01,Brussels Hoofdstedelijk Gewest,2001,8,366.0,219.2
2001-09-01,Brussels Hoofdstedelijk Gewest,2001,9,159.0,214.5
2001-10-01,Brussels Hoofdstedelijk Gewest,2001,10,59.0,179.0
2001-11-01,Brussels Hoofdstedelijk Gewest,2001,11,143.0,181.8
2001-12-01,Brussels Hoofdstedelijk Gewest,2001,12,177.0,134.5
2002-01-01,Brussels Hoofdstedelijk Gewest,2002,1,89.0,117.0
2002-02-01,Brussels Hoofdstedelijk Gewest,2002,2,234.0,160.8
2002-03-01,Brussels Hoofdstedelijk Gewest,2002,3,34.0,133.5
2002-04-01,Brussels Hoofdstedelijk Gewest,2002,4,397.0,188.5
2002-05-01,Brussels Hoofdstedelijk Gewest,2002,5,72.0,184.2
2002-06-01,Brussels Hoofdstedelijk Gewest,2002,6,162.0,166.2
2002-07-01,Brussels Hoofdstedelijk Gewest,2002,7,250.0,220.2
2002-08-01,Brussels Hoofdstedelijk Gewest,2002,8,125.0,152.2
2002-09-01,Brussels Hoofdstedelijk Gewest,2002,9,137.0,168.5
2002-10-01,Brussels Hoofdstedelijk Gewest,2002,10,63.0,143.8
2002-11-01,Brussels Hoofdstedelijk Gewest,2002,11,246.0,142.8
2002-12-01,Brussels Hoofdstedelijk Gewest,2002,12,298.0,186.0
2003-01-01,Brussels Hoofdstedelijk Gewest,2003,1,289.0,224.0
2003-02-01,Brussels Hoofdstedelijk Gewest,2003,2,264.0,274.2
2003-03-01,Brussels Hoofdstedelijk Gewest,2003,3,148.0,249.8
2003-04-01,Brussels Hoofdstedelijk Gewest,2003,4,427.0,282.0
2003-05-01,Brussels Hoofdstedelijk Gewest,2003,5,82.0,230.2
2003-06-01,Brussels Hoofdstedelijk Gewest,2003,6,376.0,258.2
2003-07-01,Brussels Hoofdstedelijk Gewest,2003,7,194.0,269.8
2003-08-01,Brussels Hoofdstedelijk Gewest,2003,8,154.0,201.5
2003-09-01,Brussels Hoofdstedelijk Gewest,2003,9,160.0,221.0
2003-10-01,Brussels Hoofdstedelijk Gewest,2003,10,362.0,217.5
2003-11-01,Brussels Hoofdstedelijk Gewest,2003,11,199.0,218.8
2003-12-01,Brussels Hoofdstedelijk Gewest,2003,12,87.0,202.0
2004-01-01,Brussels Hoofdstedelijk Gewest,2004,1,294.0,235.5
2004-02-01,Brussels Hoofdstedelijk Gewest,2004,2,295.0,218.8
2004-03-01,Brussels Hoofdstedelijk Gewest,2004,3,382.0,264.5
2004-04-01,Brussels Hoofdstedelijk Gewest,2004,4,211.0,295.5
2004-05-01,Brussels Hoofdstedelijk Gewest,2004,5,122.0,252.5
2004-06-01,Brussels Hoofdstedelijk Gewest,2004,6,266.0,245.2
2004-07-01,Brussels Hoofdstedelijk Gewest,2004,7,200.0,199.8
2004-08-01,Brussels Hoofdstedelijk Gewest,2004,8,130.0,179.5
2004-09-01,Brussels Hoofdstedelijk Gewest,2004,9,141.0,184.2
2004-10-01,Brussels Hoofdstedelijk Gewest,2004,10,163.0,158.5
2004-11-01,Brussels Hoofdstedelijk Gewest,2004,11,432.0,216.5
2004-12-01,Brussels Hoofdstedelijk Gewest,2004,12,208.0,236.0
2005-01-01,Brussels Hoofdstedelijk Gewest,2005,1,372.0,293.8
2005-02-01,Brussels Hoofdstedelijk Gewest,2005,2,186.0,299.5
2005-03-01,Brussels Hoofdstedelijk Gewest,2005,3,267.0,258.2
2005-04-01,Brussels Hoofdstedelijk Gewest,2005,4,477.0,325.5
2005-05-01,Brussels Hoofdstedelijk Gewest,2005,5,286.0,304.0
2005-06-01,Brussels Hoofdstedelijk Gewest,2005,6,291.0,330.2
2005-07-01,Brussels Hoofdstedelijk Gewest,2005,7,200.0,313.5
2005-08-01,Brussels Hoofdstedelijk Gewest,2005,8,173.0,237.5
2005-09-01,Brussels Hoofdstedelijk Gewest,2005,9,336.0,250.0
2005-10-01,Brussels Hoofdstedelijk Gewest,2005,10,100.0,202.2
2005-11-01,Brussels Hoofdstedelijk Gewest,2005,11,165.0,193.5
2005-12-01,Brussels Hoofdstedelijk Gewest,2005,12,160.0,190.2
2006-01-01,Brussels Hoofdstedelijk Gewest,2006,1,212.0,159.2
2006-02-01,Brussels Hoofdstedelijk Gewest,2006,2,154.0,172.8
2006-03-01,Brussels Hoofdstedelijk Gewest,2006,3,117.0,160.8
2006-04-01,Brussels Hoofdstedelijk Gewest,2006,4,230.0,178.2
2006-05-01,Brussels Hoofdstedelijk Gewest,2006,5,187.0,172.0
2006-06-01,Brussels Hoofdstedelijk Gewest,2006,6,254.0,197.0
2006-07-01,Brussels Hoofdstedelijk Gewest,2006,7,380.0,262.8
2006-08-01,Brussels Hoofdstedelijk Gewest,2006,8,201.0,255.5
2006-09-01,Brussels Hoofdstedelijk Gewest,2006,9,540.0,343.8
2006-10-01,Brussels Hoofdstedelijk Gewest,2006,10,564.0,421.2
2006-11-01,Brussels Hoofdstedelijk Gewest,2006,11,364.0,417.2
2006-12-01,Brussels Hoofdstedelijk Gewest,2006,12,454.0,480.5
2007-01-01,Brussels Hoofdstedelijk Gewest,2007,1,238.0,405.0
2007-02-01,Brussels Hoofdstedelijk Gewest,2007,2,110.0,291.5
2007-03-01,Brussels Hoofdstedelijk Gewest,2007,3,137.0,234.8
2007-04-01,Brussels Hoofdstedelijk Gewest,2007,4,53.0,134.5
2007-05-01,Brussels Hoofdstedelijk Gewest,2007,5,161.0,115.2
2007-06-01,Brussels Hoofdstedelijk Gewest,2007,6,226.0,144.2
2007-07-01,Brussels Hoofdstedelijk Gewest,2007,7,168.0,152.0
2007-08-01,Brussels Hoofdstedelijk Gewest,2007,8,142.0,174.2
2007-09-01,Brussels Hoofdstedelijk Gewest,2007,9,331.0,216.8
2007-10-01,Brussels Hoofdstedelijk Gewest,2007,10,524.0,291.2
2007-11-01,Brussels Hoofdstedelijk Gewest,2007,11,248.0,311.2
2007-12-01,Brussels Hoofdstedelijk Gewest,2007,12,218.0,330.2
2008-01-01,Brussels Hoofdstedelijk Gewest,2008,1,265.0,313.8
2008-02-01,Brussels Hoofdstedelijk Gewest,2008,2,216.0,236.8
2008-03-01,Brussels Hoofdstedelijk Gewest,2008,3,183.0,220.5
2008-04-01,Brussels Hoofdstedelijk Gewest,2008,4,48.0,178.0
2008-05-01,Brussels Hoofdstedelijk Gewest,2008,5,126.0,143.2
2008-06-01,Brussels Hoofdstedelijk Gewest,2008,6,276.0,158.2
2008-07-01,Brussels Hoofdstedelijk Gewest,2008,7,250.0,175.0
2008-08-01,Brussels Hoofdstedelijk Gewest,2008,8,149.0,200.2
2008-09-01,Brussels Hoofdstedelijk Gewest,2008,9,182.0,214.2
2008-10-01,Brussels Hoofdstedelijk Gewest,2008,10,140.0,180.2
2008-11-01,Brussels Hoofdstedelijk Gewest,2008,11,229.0,175.0
2008-12-01,Brussels Hoofdstedelijk Gewest,2008,12,751.0,325.5
2009-01-01,Brussels Hoofdstedelijk Gewest,2009,1,45.0,291.2
2009-02-01,Brussels Hoofdstedelijk Gewest,2009,2,236.0,315.2
2009-03-01,Brussels Hoofdstedelijk Gewest,2009,3,165.0,299.2
2009-04-01,Brussels Hoofdstedelijk Gewest,2009,4,417.0,215.8
2009-05-01,Brussels Hoofdstedelijk Gewest,2009,5,369.0,296.8
2009-06-01,Brussels Hoofdstedelijk Gewest,2009,6,195.0,286.5
2009-07-01,Brussels Hoofdstedelijk Gewest,2009,7,200.0,295.2
2009-08-01,Brussels Hoofdstedelijk Gewest,2009,8,528.0,323.0
2009-09-01,Brussels Hoofdstedelijk Gewest,2009,9,323.0,311.5
2009-10-01,Brussels Hoofdstedelijk Gewest,2009,10,29.0,270.0
2009-11-01,Brussels Hoofdstedelijk Gewest,2009,11,63.0,235.8
2009-12-01,Brussels Hoofdstedelijk Gewest,2009,12,36.0,112.8
2010-01-01,Brussels Hoofdstedelijk Gewest,2010,1,73.0,50.2
2010-02-01,Brussels Hoofdstedelijk Gewest,2010,2,169.0,85.2
2010-03-01,Brussels Hoofdstedelijk Gewest,2010,3,325.0,150.8
2010-04-01,Brussels Hoofdstedelijk Gewest,2010,4,263.0,207.5
2010-05-01,Brussels Hoofdstedelijk Gewest,2010,5,95.0,213.0
2010-06-01,Brussels Hoofdstedelijk Gewest,2010,6,173.0,214.0
2010-07-01,Brussels Hoofdstedelijk Gewest,2010,7,242.0,193.2
2010-08-01,Brussels Hoofdstedelijk Gewest,2010,8,29.0,134.8
2010-09-01,Brussels Hoofdstedelijk Gewest,2010,9,590.0,258.5
2010-10-01,Brussels Hoofdstedelijk Gewest,2010,10,410.0,317.8
2010-11-01,Brussels Hoofdstedelijk Gewest,2010,11,137.0,291.5
2010-12-01,Brussels Hoofdstedelijk Gewest,2010,12,155.0,323.0
2011-01-01,Brussels Hoofdstedelijk Gewest,2011,1,54.0,189.0
2011-02-01,Brussels Hoofdstedelijk Gewest,2011,2,102.0,112.0
2011-03-01,Brussels Hoofdstedelijk Gewest,2011,3,81.0,98.0
2011-04-01,Brussels Hoofdstedelijk Gewest,2011,4,96.0,83.2
2011-05-01,Brussels Hoofdstedelijk Gewest,2011,5,360.0,159.8
2011-06-01,Brussels Hoofdstedelijk Gewest,2011,6,202.0,184.8
2011-07-01,Brussels Hoofdstedelijk Gewest,2011,7,184.0,210.5
2011-08-01,Brussels Hoofdstedelijk Gewest,2011,8,148.0,223.5
2011-09-01,Brussels Hoofdstedelijk Gewest,2011,9,314.0,212.0
2011-10-01,Brussels Hoofdstedelijk Gewest,2011,10,27.0,168.2
2011-11-01,Brussels Hoofdstedelijk Gewest,2011,11,361.0,212.5
2011-12-01,Brussels Hoofdstedelijk Gewest,2011,12,239.0,235.2
2012-01-01,Brussels Hoofdstedelijk Gewest,2012,1,114.0,185.2
2012-02-01,Brussels Hoofdstedelijk Gewest,2012,2,40.0,188.5
2012-03-01,Brussels Hoofdstedelijk Gewest,2012,3,109.0,125.5
2012-04-01,Brussels Hoofdstedelijk Gewest,2012,4,225.0,122.0
2012-05-01,Brussels Hoofdstedelijk Gewest,2012,5,127.0,125.2
2012-06-01,Brussels Hoofdstedelijk Gewest,2012,6,144.0,151.2
2012-07-01,Brussels Hoofdstedelijk Gewest,2012,7,85.0,145.2
2012-08-01,Brussels Hoofdstedelijk Gewest,2012,8,37.0,98.2
2012-09-01,Brussels Hoofdstedelijk Gewest,2012,9,134.0,100.0
2012-10-01,Brussels Hoofdstedelijk Gewest,2012,10,139.0,98.8
2012-11-01,Brussels Hoofdstedelijk Gewest,2012,11,55.0,91.2
2012-12-01,Brussels Hoofdstedelijk Gewest,2012,12,123.0,112.8
2013-01-01,Brussels Hoofdstedelijk Gewest,2013,1,183.0,125.0
2013-02-01,Brussels Hoofdstedelijk Gewest,2013,2,328.0,172.2
2013-03-01,Brussels Hoofdstedelijk Gewest,2013,3,71.0,176.2
2013-04-01,Brussels Hoofdstedelijk Gewest,2013,4,81.0,165.8
2013-05-01,Brussels Hoofdstedelijk Gewest,2013,5,511.0,247.8
2013-06-01,Brussels Hoofdstedelijk Gewest,2013,6,156.0,204.8
2013-07-01,Brussels Hoofdstedelijk Gewest,2013,7,130.0,219.5
2013-08-01,Brussels Hoofdstedelijk Gewest,2013,8,25.0,205.5
2013-09-01,Brussels Hoofdstedelijk Gewest,2013,9,150.0,115.2
2013-10-01,Brussels Hoofdstedelijk Gewest,2013,10,285.0,147.5
2013-11-01,Brussels Hoofdstedelijk Gewest,2013,11,26.0,121.5
2013-12-01,Brussels Hoofdstedelijk Gewest,2013,12,498.0,239.8
2014-01-01,Brussels Hoofdstedelijk Gewest,2014,1,216.0,256.2
2014-02-01,Brussels Hoofdstedelijk Gewest,2014,2,67.0,201.8
2014-03-01,Brussels Hoofdstedelijk Gewest,2014,3,105.0,221.5
2014-04-01,Brussels Hoofdstedelijk Gewest,2014,4,466.0,213.5
2014-05-01,Brussels Hoofdstedelijk Gewest,2014,5,126.0,191.0
2014-06-01,Brussels Hoofdstedelijk Gewest,2014,6,253.0,237.5
2014-07-01,Brussels Hoofdstedelijk Gewest,2014,7,815.0,415.0
2014-08-01,Brussels Hoofdstedelijk Gewest,2014,8,56.0,312.5
2014-09-01,Brussels Hoofdstedelijk Gewest,2014,9,115.0,309.8
2014-10-01,Brussels Hoofdstedelijk Gewest,2014,10,73.0,264.8
2014-11-01,Brussels Hoofdstedelijk Gewest,2014,11,135.0,94.8
2014-12-01,Brussels Hoofdstedelijk Gewest,2014,12,192.0,128.8
2015-01-01,Brussels Hoofdstedelijk Gewest,2015,1,32.0,108.0
2015-02-01,Brussels Hoofdstedelijk Gewest,2015,2,51.0,102.5
2015-03-01,Brussels Hoofdstedelijk Gewest,2015,3,69.0,86.0
2015-04-01,Brussels Hoofdstedelijk Gewest,2015,4,147.0,74.8
2015-05-01,Brussels Hoofdstedelijk Gewest,2015,5,81.0,87.0
2015-06-01,Brussels Hoofdstedelijk Gewest,2015,6,515.0,203.0
2015-07-01,Brussels Hoofdstedelijk Gewest,2015,7,146.0,222.2
2015-08-01,Brussels Hoofdstedelijk Gewest,2015,8,136.0,219.5
2015-09-01,Brussels Hoofdstedelijk Gewest,2015,9,174.0,242.8
2015-10-01,Brussels Hoofdstedelijk Gewest,2015,10,26.0,120.5
2015-11-01,Brussels Hoofdstedelijk Gewest,2015,11,142.0,119.5
2015-12-01,Brussels Hoofdstedelijk Gewest,2015,12,64.0,101.5
2016-01-01,Brussels Hoofdstedelijk Gewest,2016,1,68.0,75.0
2016-02-01,Brussels Hoofdstedelijk Gewest,2016,2,43.0,79.2
2016-03-01,Brussels Hoofdstedelijk Gewest,2016,3,340.0,128.8
2016-04-01,Brussels Hoofdstedelijk Gewest,2016,4,80.0,132.8
2016-05-01,Brussels Hoofdstedelijk Gewest,2016,5,44.0,126.8
2016-06-01,Brussels Hoofdstedelijk Gewest,2016,6,48.0,128.0
2016-07-01,Brussels Hoofdstedelijk Gewest,2016,7,120.0,73.0
2016-08-01,Brussels Hoofdstedelijk Gewest,2016,8,82.0,73.5
2016-09-01,Brussels Hoofdstedelijk Gewest,2016,9,25.0,68.8
2016-10-01,Brussels Hoofdstedelijk Gewest,2016,10,111.0,84.5
2016-11-01,Brussels Hoofdstedelijk Gewest,2016,11,105.0,80.8
2016-12-01,Brussels Hoofdstedelijk Gewest,2016,12,50.0,72.8
2017-01-01,Brussels Hoofdstedelijk Gewest,2017,1,368.0,158.5
2017-02-01,Brussels Hoofdstedelijk Gewest,2017,2,243.0,191.5
2017-03-01,Brussels Hoofdstedelijk Gewest,2017,3,352.0,253.2
2017-04-01,Brussels Hoofdstedelijk Gewest,2017,4,14.0,244.2
2017-05-01,Brussels Hoofdstedelijk Gewest,2017,5,49.0,164.5
2017-06-01,Brussels Hoofdstedelijk Gewest,2017,6,63.0,119.5
2017-07-01,Brussels Hoofdstedelijk Gewest,2017,7,70.0,49.0
2017-08-01,Brussels Hoofdstedelijk Gewest,2017,8,61.0,60.8
2017-09-01,Brussels Hoofdstedelijk Gewest,2017,9,119.0,78.2
2017-10-01,Brussels Hoofdstedelijk Gewest,2017,10,103.0,88.2
2017-11-01,Brussels Hoofdstedelijk Gewest,2017,11,219.0,125.5
2017-12-01,Brussels Hoofdstedelijk Gewest,2017,12,158.0,149.8
2018-01-01,Brussels Hoofdstedelijk Gewest,2018,1,60.0,135.0
2018-02-01,Brussels Hoofdstedelijk Gewest,2018,2,249.0,171.5
2018-03-01,Brussels Hoofdstedelijk Gewest,2018,3,179.0,161.5
2018-04-01,Brussels Hoofdstedelijk Gewest,2018,4,131.0,154.8
2018-05-01,Brussels Hoofdstedelijk Gewest,2018,5,86.0,161.2
2018-06-01,Brussels Hoofdstedelijk Gewest,2018,6,226.0,155.5
2018-07-01,Brussels Hoofdstedelijk Gewest,2018,7,98.0,135.2
2018-08-01,Brussels Hoofdstedelijk Gewest,2018,8,37.0,111.8
2018-09-01,Brussels Hoofdstedelijk Gewest,2018,9,124.0,121.2
2018-10-01,Brussels Hoofdstedelijk Gewest,2018,10,37.0,74.0
2018-11-01,Brussels Hoofdstedelijk Gewest,2018,11,128.0,81.5
2018-12-01,Brussels Hoofdstedelijk Gewest,2018,12,130.0,104.8
2019-01-01,Brussels Hoofdstedelijk Gewest,2019,1,216.0,127.8
2019-02-01,Brussels Hoofdstedelijk Gewest,2019,2,118.0,148.0
2019-03-01,Brussels Hoofdstedelijk Gewest,2019,3,67.0,132.8
2019-04-01,Brussels Hoofdstedelijk Gewest,2019,4,923.0,331.0
2019-05-01,Brussels Hoofdstedelijk Gewest,2019,5,9.0,279.2
2019-06-01,Brussels Hoofdstedelijk Gewest,2019,6,95.0,273.5
2019-07-01,Brussels Hoofdstedelijk Gewest,2019,7,99.0,281.5
2019-08-01,Brussels Hoofdstedelijk Gewest,2019,8,401.0,151.0
2019-09-01,Brussels Hoofdstedelijk Gewest,2019,9,348.0,235.8
2019-10-01,Brussels Hoofdstedelijk Gewest,2019,10,617.0,366.2
2019-11-01,Brussels Hoofdstedelijk Gewest,2019,11,255.0,405.2
2019-12-01,Brussels Hoofdstedelijk Gewest,2019,12,92.0,328.0
2020-01-01,Brussels Hoofdstedelijk Gewest,2020,1,72.0,259.0
2020-02-01,Brussels Hoofdstedelijk Gewest,2020,2,133.0,138.0
2020-03-01,Brussels Hoofdstedelijk Gewest,2020,3,367.0,166.0
2020-04-01,Brussels Hoofdstedelijk Gewest,2020,4,314.0,221.5
2020-05-01,Brussels Hoofdstedelijk Gewest,2020,5,73.0,221.8
2020-06-01,Brussels Hoofdstedelijk Gewest,2020,6,192.0,236.5
2020-07-01,Brussels Hoofdstedelijk Gewest,2020,7,125.0,176.0
2020-08-01,Brussels Hoofdstedelijk Gewest,2020,8,150.0,135.0
2020-09-01,Brussels Hoofdstedelijk Gewest,2020,9,43.0,127.5
2020-10-01,Brussels Hoofdstedelijk Gewest,2020,10,272.0,147.5
2020-11-01,Brussels Hoofdstedelijk Gewest,2020,11,50.0,128.8
2020-12-01,Brussels Hoofdstedelijk Gewest,2020,12,271.0,159.0
2021-01-01,Brussels Hoofdstedelijk Gewest,2021,1,600.0,298.2
2021-02-01,Brussels Hoofdstedelijk Gewest,2021,2,120.0,260.2
2021-03-01,Brussels Hoofdstedelijk Gewest,2021,3,432.0,355.8
2021-04-01,Brussels Hoofdstedelijk Gewest,2021,4,178.0,332.5
2021-05-01,Brussels Hoofdstedelijk Gewest,2021,5,374.0,276.0
2021-06-01,Brussels Hoofdstedelijk Gewest,2021,6,836.0,455.0
2021-07-01,Brussels Hoofdstedelijk Gewest,2021,7,887.0,568.8
2021-08-01,Brussels Hoofdstedelijk Gewest,2021,8,74.0,542.8
2021-09-01,Brussels Hoofdstedelijk Gewest,2021,9,35.0,458.0
2021-10-01,Brussels Hoofdstedelijk Gewest,2021,10,551.0,386.8
2021-11-01,Brussels Hoofdstedelijk Gewest,2021,11,183.0,210.8
2021-12-01,Brussels Hoofdstedelijk Gewest,2021,12,695.0,366.0
2022-01-01,Brussels Hoofdstedelijk Gewest,2022,1,244.0,418.2
2022-02-01,Brussels Hoofdstedelijk Gewest,2022,2,175.0,324.2
2022-03-01,Brussels Hoofdstedelijk Gewest,2022,3,325.0,359.8
2022-04-01,Brussels Hoofdstedelijk Gewest,2022,4,509.0,313.2
2022-05-01,Brussels Hoofdstedelijk Gewest,2022,5,86.0,273.8
2022-06-01,Brussels Hoofdstedelijk Gewest,2022,6,89.0,252.2
2022-07-01,Brussels Hoofdstedelijk Gewest,2022,7,347.0,257.8
2022-08-01,Brussels Hoofdstedelijk Gewest,2022,8,234.0,189.0
2022-09-01,Brussels Hoofdstedelijk Gewest,2022,9,420.0,272.5
2022-10-01,Brussels Hoofdstedelijk Gewest,2022,10,524.0,381.2
2022-11-01,Brussels Hoofdstedelijk Gewest,2022,11,444.0,405.5
2022-12-01,Brussels Hoofdstedelijk Gewest,2022,12,225.0,403.2
2023-01-01,Brussels Hoofdstedelijk Gewest,2023,1,329.0,380.5
2023-02-01,Brussels Hoofdstedelijk Gewest,2023,2,525.0,380.8
2023-03-01,Brussels Hoofdstedelijk Gewest,2023,3,272.0,337.8
2023-04-01,Brussels Hoofdstedelijk Gewest,2023,4,228.0,338.5
2023-05-01,Brussels Hoofdstedelijk Gewest,2023,5,138.0,290.8
2023-06-01,Brussels Hoofdstedelijk Gewest,2023,6,394.0,258.0
2023-07-01,Brussels Hoofdstedelijk Gewest,2023,7,450.0,302.5
2023-08-01,Brussels Hoofdstedelijk Gewest,2023,8,25.0,251.8
2023-09-01,Brussels Hoofdstedelijk Gewest,2023,9,197.0,266.5
2023-10-01,Brussels Hoofdstedelijk Gewest,2023,10,522.0,298.5
2023-11-01,Brussels Hoofdstedelijk Gewest,2023,11,14.0,189.5
2023-12-01,Brussels Hoofdstedelijk Gewest,2023,12,534.0,316.8
2024-01-01,Brussels Hoofdstedelijk Gewest,2024,1,237.0,326.8
2024-02-01,Brussels Hoofdstedelijk Gewest,2024,2,431.0,304.0
2024-03-01,Brussels Hoofdstedelijk Gewest,2024,3,280.0,370.5
2024-04-01,Brussels Hoofdstedelijk Gewest,2024,4,196.0,286.0
2024-05-01,Brussels Hoofdstedelijk Gewest,2024,5,4.0,227.8
2024-06-01,Brussels Hoofdstedelijk Gewest,2024,6,90.0,142.5
2024-07-01,Brussels Hoofdstedelijk Gewest,2024,7,135.0,106.2
2024-08-01,Brussels Hoofdstedelijk Gewest,2024,8,105.0,83.5
2024-09-01,Brussels Hoofdstedelijk Gewest,2024,9,58.0,97.0
2024-10-01,Brussels Hoofdstedelijk Gewest,2024,10,165.0,115.8
2024-11-01,Brussels Hoofdstedelijk Gewest,2024,11,15.0,85.8
2024-12-01,Brussels Hoofdstedelijk Gewest,2024,12,152.0,97.5
2025-01-01,Brussels Hoofdstedelijk Gewest,2025,1,192.0,131.0
2025-02-01,Brussels Hoofdstedelijk Gewest,2025,2,250.0,152.2
2025-03-01,Brussels Hoofdstedelijk Gewest,2025,3,10.0,151.0
2025-04-01,Brussels Hoofdstedelijk Gewest,2025,4,153.0,151.2
2025-05-01,Brussels Hoofdstedelijk Gewest,2025,5,356.0,192.2
